price,camera_resolution,battery_life,storage_size,screen_size
1218,50,34,64,6.1
1295,16,28,256,5.8
991,48,29,64,6.1
266,12,17,64,5.8
2520,12,19,512,6.5
464,12,25,64,6.1
108,12,24,128,6.5
736,16,33,128,6.5
590,16,24,128,5.8
487,16,16,64,6.5
1312,108,25,128,6.9
766,48,35,128,5.8
4134,20,30,512,6.5
107,12,16,64,5.8
592,16,34,512,5.8
1484,12,30,256,5.8
916,12,20,64,6.1
70,12,15,64,5.8
2958,12,15,256,6.1
244,16,25,64,6.5
748,16,16,512,5.8
346,12,27,64,5.8
1771,12,21,128,5.8
536,12,16,256,5.8
779,16,26,64,5.8
790,12,25,64,5.8
859,48,18,128,6.1
572,12,29,128,5.8
1200,12,28,256,5.8
1664,16,28,512,5.8
5731,12,21,256,6.7
995,12,35,128,6.5
971,12,20,512,6.5
3502,20,24,128,6.5
2651,16,22,256,6.7
152,12,26,64,6.1
554,12,22,128,6.1
495,12,23,64,6.1
475,108,25,64,5.8
719,12,20,256,5.8
1561,12,29,512,6.1
1426,48,18,256,5.8
1694,12,17,512,5.8
1127,12,33,64,6.1
701,48,17,64,5.8
8890,48,25,512,6.5
833,108,16,512,6.1
1757,16,22,64,6.7
4118,108,16,128,6.9
1645,50,23,256,5.8
3243,108,34,256,5.8
1320,50,17,128,6.5
2288,16,28,256,6.1
1722,48,17,128,6.7
1448,16,24,128,5.8
291,20,15,64,5.8
405,12,33,128,6.1
2236,16,23,64,6.7
620,12,30,64,6.5
333,16,24,128,5.8
653,12,15,128,5.8
720,50,29,64,6.7
583,48,26,128,6.5
611,12,18,128,6.5
1118,12,18,64,6.1
437,12,19,128,6.5
976,12,28,64,6.1
1281,16,30,64,6.1
235,12,19,128,6.1
252,12,20,64,6.7
709,12,26,64,6.1
953,16,15,128,5.8
833,12,25,128,5.8
1622,12,25,512,6.1
273,12,16,64,6.5
741,12,15,64,6.7
1022,20,18,512,6.7
1116,12,20,512,5.8
1301,12,23,128,5.8
1399,20,15,64,6.5
817,16,16,128,6.5
2029,48,21,64,6.9
1978,16,23,512,6.5
756,12,28,256,5.8
1116,12,23,256,6.5
2329,50,21,512,6.7
999,16,23,64,5.8
599,20,15,64,6.1
1897,12,33,64,6.5
900,16,15,64,6.1
916,12,18,256,6.5
765,16,18,256,6.5
894,12,18,64,5.8
1253,12,27,512,6.1
822,16,23,64,5.8
1513,20,20,64,6.1
525,16,18,64,6.1
1396,20,25,128,5.8
146,12,29,128,5.8
755,16,17,512,6.1
1096,16,34,128,5.8
1506,16,28,128,6.1
1646,16,30,128,5.8
570,20,28,64,5.8
623,16,19,256,6.1
2118,16,20,256,6.1
1127,16,17,256,6.5
481,12,18,128,6.7
2054,16,21,512,6.1
1478,20,17,128,5.8
1571,12,24,512,6.1
465,12,18,128,5.8
1005,50,19,64,6.1
5794,12,17,256,6.9
208,12,19,256,5.8
1884,16,23,256,6.7
544,16,20,128,5.8
2864,108,28,256,6.7
2855,12,20,512,5.8
2650,48,15,256,5.8
994,12,19,128,5.8
1201,12,29,128,6.1
2881,48,25,64,6.1
575,16,31,64,6.7
3481,48,21,256,6.1
402,12,33,64,6.5
1070,20,20,128,6.1
1097,16,20,64,6.9
6081,48,33,256,5.8
1544,16,18,64,6.7
1340,12,22,128,6.1
310,12,20,128,6.1
682,12,15,128,5.8
1954,16,22,512,6.1
330,16,25,128,5.8
2864,20,28,512,6.1
264,12,22,512,5.8
2966,48,27,128,6.1
451,16,20,64,5.8
927,12,29,128,6.1
885,12,34,64,6.1
2114,20,25,512,5.8
1268,16,25,64,6.5
837,12,34,128,5.8
8672,50,25,128,6.7
361,12,18,128,5.8
1475,12,17,512,6.9
474,12,29,64,6.1
3088,16,24,64,6.9
1826,48,18,256,5.8
686,16,20,128,5.8
133,12,18,128,5.8
318,12,30,64,5.8
695,48,19,128,5.8
790,12,24,128,5.8
1020,16,17,128,5.8
11768,108,30,512,5.8
1200,20,22,256,6.5
588,16,22,64,5.8
486,50,21,64,5.8
542,12,20,64,6.5
1506,12,28,128,6.1
1172,12,19,128,6.7
551,12,21,64,5.8
453,12,22,64,6.7
1586,12,33,256,6.1
2711,48,23,256,6.7
801,12,33,64,5.8
547,20,15,128,5.8
3977,12,25,512,6.7
627,12,15,64,5.8
689,12,24,512,5.8
452,16,15,256,6.9
5630,16,31,512,6.9
8416,108,31,256,6.1
2237,20,23,128,6.5
931,12,34,128,6.1
1878,20,15,256,6.5
421,16,20,64,6.1
1809,16,20,128,5.8
1725,12,22,256,6.1
648,16,25,64,5.8
2400,48,19,512,5.8
2746,12,18,512,6.1
2310,12,20,512,6.1
1108,16,20,512,5.8
7938,16,35,256,6.9
1615,48,31,64,6.5
874,16,22,256,6.5
651,12,18,64,6.7
1112,12,25,512,6.1
1711,12,19,256,6.1
182,12,24,64,5.8
766,12,20,64,6.1
1034,12,22,256,6.5
1454,50,20,64,6.7
445,12,22,128,6.1
1006,12,15,64,6.1
836,12,24,512,6.5
928,16,25,64,5.8
371,12,25,128,5.8
915,48,34,128,6.1
360,50,15,64,6.5
409,16,25,64,6.9
1973,12,23,128,6.1
1466,108,19,64,6.5
4187,48,22,256,6.1
4457,12,25,512,6.7
3636,48,35,64,5.8
950,16,20,512,6.1
417,12,32,64,6.9
1638,16,28,512,6.1
197,12,20,64,5.8
3606,48,28,512,5.8
1362,20,24,128,6.5
1232,12,15,64,6.1
175,12,19,256,6.1
2532,20,28,128,5.8
4911,108,21,128,5.8
509,12,31,64,6.1
813,48,29,64,5.8
1937,16,17,128,6.9
652,16,20,128,6.5
311,12,20,128,5.8
1048,50,28,64,5.8
1020,12,20,512,6.1
566,16,15,128,6.9
6341,16,25,512,6.5
1803,12,27,64,5.8
1753,50,29,64,5.8
567,16,17,256,6.1
709,16,34,64,6.1
860,48,20,64,5.8
679,16,29,64,5.8
2093,12,17,64,6.9
587,20,18,256,5.8
489,12,30,64,6.1
4590,16,33,64,6.5
3390,50,24,64,6.1
881,12,24,64,6.1
463,20,18,128,6.1
1007,12,28,256,6.5
1084,12,29,256,6.1
5973,50,35,256,6.5
1396,12,32,256,5.8
522,12,31,256,5.8
1515,12,26,512,6.1
612,16,30,64,5.8
863,12,16,256,6.5
995,12,24,64,6.5
1925,50,22,512,5.8
715,12,25,512,5.8
2140,48,33,128,6.1
228,12,28,64,5.8
1258,12,22,128,5.8
881,16,17,64,6.5
2540,108,20,512,5.8
6838,108,16,512,6.1
1358,12,26,512,6.1
690,12,29,256,5.8
751,16,25,128,6.1
899,12,22,64,6.1
4260,20,19,256,6.1
793,12,27,64,6.5
722,12,17,512,6.1
641,12,24,64,6.1
463,12,24,64,5.8
931,12,24,256,5.8
232,12,16,512,5.8
1623,12,16,256,6.9
2955,108,19,256,6.7
798,48,23,64,6.5
277,16,15,64,6.5
1033,48,15,128,6.1
177,12,15,256,6.1
3464,20,27,256,5.8
4863,50,27,512,5.8
205,12,21,512,5.8
363,20,30,64,5.8
1309,16,25,128,6.5
309,12,21,128,5.8
2522,16,15,512,5.8
468,20,24,256,5.8
1112,12,22,128,5.8
1845,12,24,128,6.7
374,12,26,64,5.8
789,12,27,256,5.8
2477,12,18,256,6.1
1302,16,20,128,6.5
233,16,16,64,5.8
478,12,22,64,5.8
2156,50,30,128,6.1
349,12,25,64,5.8
3227,108,30,128,6.5
3283,48,22,512,6.1
1888,12,24,256,6.7
410,12,20,256,6.1
1884,108,32,64,5.8
722,12,16,128,6.1
1666,12,25,128,6.5
909,16,20,64,6.1
516,12,34,256,6.1
861,20,24,128,5.8
1090,12,24,64,6.1
738,12,22,256,5.8
2462,48,16,256,5.8
1225,20,32,128,5.8
2475,12,33,512,6.1
1073,48,20,128,5.8
2119,108,25,256,6.5
1107,16,30,64,5.8
307,12,20,64,5.8
578,16,17,64,5.8
656,12,28,64,6.7
577,12,21,128,5.8
1217,16,23,64,6.7
285,12,20,64,6.1
1458,16,30,128,6.1
1563,12,27,128,6.1
1234,12,23,64,6.5
3113,50,18,512,6.1
1996,12,28,512,5.8
811,108,17,64,6.9
7102,108,18,512,5.8
526,20,15,64,5.8
1985,16,25,256,6.1
3420,20,32,64,6.5
337,12,19,64,5.8
1340,48,29,64,6.1
3141,12,25,256,5.8
1968,48,25,128,5.8
742,20,16,128,5.8
225,16,34,64,5.8
1914,12,15,128,6.9
197,16,21,128,6.1
744,12,17,512,6.1
769,20,15,64,6.1
546,16,25,64,5.8
991,12,15,256,6.5
1011,16,28,128,6.1
1191,12,25,256,6.7
1163,20,34,64,5.8
808,12,18,256,6.1
698,20,20,64,6.1
1370,12,32,512,6.1
1084,12,21,256,5.8
443,16,30,64,5.8
4430,108,20,512,5.8
3236,50,19,512,6.1
572,16,23,128,6.1
1336,12,23,256,5.8
3999,20,29,128,6.1
1325,16,18,256,5.8
640,20,29,64,5.8
906,12,25,128,6.1
537,12,19,64,6.1
1688,20,30,512,6.1
748,12,19,512,5.8
1583,16,30,64,6.9
1070,12,18,64,6.7
1484,12,22,128,6.1
2728,108,19,128,6.1
970,12,24,64,6.1
1713,108,16,256,6.7
1052,20,16,128,5.8
3017,108,25,256,5.8
112,12,20,64,6.1
2351,16,20,512,6.9
1179,16,29,128,6.1
899,12,15,64,6.5
1064,12,31,128,5.8
837,12,21,512,5.8
700,20,29,64,6.1
990,16,17,256,5.8
1133,16,28,64,6.9
306,12,16,64,5.8
863,12,16,256,6.1
573,16,23,256,6.1
686,12,30,128,5.8
1411,20,17,256,5.8
520,20,27,512,5.8
885,12,23,512,5.8
1098,20,26,128,6.9
550,12,21,256,6.5
1316,48,25,128,6.1
726,50,16,64,5.8
546,12,29,128,6.9
3525,16,25,256,6.1
1466,48,24,512,5.8
3122,16,25,512,5.8
418,16,18,128,6.1
476,12,23,64,6.5
128,16,17,64,6.1
3745,12,19,512,5.8
1299,16,29,256,6.1
2491,16,29,512,6.7
291,12,25,128,6.1
671,16,26,128,5.8
5109,108,35,128,6.1
1630,20,18,128,5.8
577,12,21,64,6.1
207,50,19,128,5.8
223,12,18,128,5.8
2412,20,26,512,5.8
356,20,18,128,5.8
723,16,28,256,6.7
427,16,26,64,6.7
3227,12,27,512,5.8
393,12,19,64,6.1
2408,16,25,128,6.1
4140,50,25,64,6.9
199,12,19,64,5.8
888,48,17,128,6.1
284,16,20,64,6.5
719,48,24,64,5.8
745,16,26,128,5.8
417,12,17,64,5.8
504,16,19,128,6.7
195,12,18,64,6.1
48,12,19,256,6.1
1561,108,20,256,5.8
1048,12,20,128,6.7
1777,16,26,64,5.8
633,12,16,128,5.8
944,16,34,128,6.1
1057,12,34,64,6.9
1329,16,25,512,6.1
2373,12,30,128,6.5
2719,16,26,512,6.1
3190,20,25,64,5.8
1672,12,29,256,6.1
157,12,30,64,5.8
941,20,18,512,6.1
1380,48,15,512,6.5
318,12,25,512,5.8
1107,16,17,128,5.8
322,12,18,64,5.8
60,12,21,128,6.1
805,12,15,64,5.8
1307,16,18,128,6.1
181,12,23,64,6.5
111,12,21,64,6.1
2067,50,18,512,6.5
2725,48,29,128,6.5
1877,12,23,128,5.8
1224,12,34,128,5.8
1903,16,18,256,6.1
140,12,20,128,6.7
1554,16,19,256,6.7
479,12,30,128,6.1
728,16,22,64,5.8
811,12,18,256,6.1
5702,12,25,512,6.5
247,12,31,128,5.8
382,48,18,128,5.8
3525,16,22,64,6.9
1138,12,21,512,6.5
1928,16,21,256,5.8
974,16,30,512,6.7
346,12,19,128,5.8
282,20,16,128,5.8
661,12,24,128,5.8
1487,48,21,128,5.8
1294,12,22,512,6.1
530,16,27,64,5.8
706,20,23,128,6.1
3372,12,20,512,6.7
1405,16,31,128,6.7
1888,12,28,64,6.7
633,12,25,64,5.8
200,16,19,64,6.1
1198,12,23,512,6.1
551,12,20,512,5.8
525,12,21,256,6.5
611,12,23,64,5.8
851,16,25,512,5.8
683,16,20,128,6.1
2259,16,21,512,6.1
725,16,35,64,6.5
2613,48,15,256,6.5
1467,16,20,512,5.8
481,12,16,64,6.5
1463,12,25,128,5.8
635,48,25,64,6.7
1334,16,26,128,5.8
755,20,34,64,5.8
1691,12,24,64,6.1
379,12,18,64,6.1
385,16,15,128,5.8
966,12,25,64,6.9
206,12,15,256,6.1
947,12,24,256,6.1
1059,12,20,512,5.8
1038,48,19,128,5.8
2059,108,19,64,6.7
1465,20,27,128,5.8
1747,20,20,64,5.8
2182,12,20,64,6.9
1243,12,19,512,6.5
2350,48,32,512,5.8
633,12,27,128,6.5
1837,12,20,256,6.1
5226,20,25,256,6.1
826,16,17,64,6.9
7263,20,22,512,6.5
1987,108,20,128,6.1
254,12,17,64,6.1
260,12,23,128,6.1
588,12,20,256,5.8
3262,108,27,128,6.1
134,12,28,128,6.1
359,12,28,512,5.8
1106,12,16,64,6.5
1288,20,16,128,6.1
4376,16,27,256,6.7
866,12,25,128,5.8
751,12,17,64,6.5
533,20,16,128,6.1
2280,12,34,256,6.1
826,12,28,64,5.8
769,48,15,128,5.8
708,16,24,64,6.1
310,20,20,64,5.8
1241,16,27,256,6.1
9071,108,26,512,6.5
1283,12,28,256,5.8
1609,12,27,256,6.7
303,20,23,64,6.1
3870,48,20,512,6.5
1914,16,24,64,6.5
2544,12,25,256,5.8
2037,48,20,512,5.8
4627,16,29,512,6.5
1553,12,32,128,6.5
174,16,20,64,6.1
654,12,15,64,6.7
946,50,22,128,6.1
95,12,19,64,5.8
916,16,17,512,5.8
711,12,23,256,5.8
1859,16,23,512,6.5
1170,12,17,256,6.7
2547,12,23,512,6.5
1466,16,20,128,6.9
1710,20,17,256,6.7
1246,12,19,128,5.8
954,20,24,128,6.9
2026,12,24,512,6.5
1393,16,19,128,5.8
400,48,16,64,5.8
2375,108,19,512,6.1
2609,12,23,512,6.1
692,12,25,64,6.9
2362,20,22,512,6.1
1174,16,17,512,6.5
302,16,20,64,6.7
371,12,16,128,6.1
845,16,32,128,5.8
4138,48,30,256,5.8
2707,12,26,512,6.5
177,16,30,64,5.8
1209,20,25,64,5.8
1306,12,20,256,6.5
406,12,24,128,5.8
310,12,17,64,5.8
5224,12,34,512,5.8
328,12,27,64,6.7
465,50,25,64,5.8
2294,12,25,512,6.5
930,20,25,512,5.8
1485,16,28,256,5.8
830,20,24,512,6.1
2100,108,16,64,6.1
2455,20,20,128,6.1
73,12,19,128,5.8
2348,108,22,64,6.5
1553,12,21,64,6.7
4514,48,32,256,6.5
1996,12,30,128,6.1
152,12,20,64,5.8
1483,20,17,64,5.8
2471,16,26,256,5.8
1872,48,20,64,5.8
925,12,22,64,6.1
1610,12,30,512,5.8
930,16,20,64,6.5
354,16,20,64,5.8
884,12,22,512,6.1
317,16,22,128,5.8
323,16,29,64,6.1
1372,16,26,512,5.8
1866,20,20,512,6.1
452,16,25,256,5.8
840,16,18,128,6.7
570,12,20,64,5.8
538,12,20,256,6.5
4658,12,30,512,6.5
687,12,17,128,6.1
233,12,30,64,6.1
763,48,15,64,5.8
1495,12,20,512,6.9
984,12,21,64,6.5
709,12,28,512,5.8
709,16,18,512,5.8
845,12,20,512,5.8
1116,48,26,128,5.8
439,12,15,512,5.8
1217,16,24,512,6.1
987,12,27,64,5.8
595,16,15,256,5.8
534,16,27,64,5.8
218,12,33,128,5.8
4715,50,34,512,5.8
269,16,33,128,5.8
4186,108,29,64,5.8
2311,108,30,128,5.8
3118,48,23,64,5.8
371,12,25,64,6.1
2135,20,23,256,6.7
760,12,25,64,5.8
1776,16,24,256,6.9
2756,50,25,64,6.7
1410,12,27,512,5.8
3592,12,24,512,6.7
1195,12,23,256,6.5
555,48,18,64,6.1
1177,16,34,128,6.1
469,12,19,512,6.7
1453,12,30,64,5.8
1328,12,24,128,6.7
1305,48,20,128,6.1
229,12,18,512,5.8
641,12,21,64,6.5
353,12,18,64,5.8
1810,48,19,256,6.1
208,12,17,64,5.8
528,50,20,64,5.8
1466,20,34,256,5.8
1062,16,25,512,6.1
2843,12,19,512,6.1
3949,108,32,512,6.1
508,16,24,256,5.8
594,108,19,128,5.8
166,12,16,64,5.8
2495,12,21,64,6.9
2806,50,20,256,6.1
2210,12,18,512,6.1
1237,12,35,128,6.1
1012,16,20,64,5.8
286,16,21,128,6.1
3989,16,25,128,6.5
1965,20,19,64,6.7
1293,12,19,128,6.7
3113,16,18,512,6.1
1622,16,29,256,5.8
630,12,22,64,6.7
708,12,23,64,5.8
1847,12,35,512,6.5
2316,16,23,64,6.1
561,16,26,64,6.5
673,16,29,256,6.1
1054,16,24,512,6.1
293,16,16,128,5.8
509,20,24,512,6.1
905,12,20,256,6.1
2811,48,15,512,6.5
671,12,19,256,6.1
193,12,18,64,6.1
760,20,17,256,5.8
612,16,30,64,5.8
896,12,22,256,6.7
334,12,19,64,6.1
686,16,26,128,6.1
1083,12,17,256,5.8
604,12,27,256,6.1
2895,12,22,256,6.1
4486,20,15,128,6.1
617,12,18,64,6.5
320,12,26,64,5.8
234,12,23,64,6.1
910,16,27,64,6.5
1349,16,30,512,5.8
4721,50,31,256,5.8
609,12,21,128,6.7
1319,48,34,128,6.1
1161,12,28,256,5.8
357,16,15,128,5.8
923,12,20,256,5.8
554,48,27,64,6.7
946,50,16,128,5.8
1446,12,15,128,5.8
1775,16,25,512,6.1
2613,12,30,256,6.7
567,16,15,128,5.8
657,12,28,64,5.8
259,12,17,128,5.8
1208,16,26,64,6.7
1163,12,16,512,5.8
2065,16,16,512,6.5
2430,16,27,128,5.8
1070,12,30,128,6.5
412,12,26,64,6.7
810,12,25,256,6.7
1535,12,30,128,6.1
740,12,20,512,5.8
3873,48,26,128,5.8
874,16,22,64,6.1
487,16,16,128,6.5
1040,16,25,64,6.7
733,16,25,64,5.8
844,12,19,256,5.8
2101,50,16,64,6.1
777,12,17,512,6.1
1741,16,18,512,5.8
646,12,16,512,6.1
244,12,15,128,6.1
1310,20,20,512,5.8
802,12,28,128,6.1
1244,16,29,128,6.9
834,12,30,128,6.7
1101,108,25,64,6.1
1455,12,26,512,5.8
305,12,16,512,5.8
617,48,16,128,5.8
398,16,16,128,6.1
1197,16,18,64,6.5
1461,48,25,256,5.8
420,48,19,128,5.8
995,20,22,256,6.5
2068,16,19,64,6.1
555,12,16,256,5.8
349,48,15,256,6.1
617,12,25,128,6.5
597,12,26,256,5.8
1420,16,16,64,6.9
1206,16,16,64,6.7
746,16,19,128,6.5
651,12,20,256,5.8
309,12,20,256,6.1
3197,50,26,256,6.1
640,12,30,128,6.1
2857,16,20,256,6.1
786,50,18,64,6.1
865,16,21,128,5.8
1283,16,32,64,5.8
311,50,15,128,5.8
253,16,17,64,5.8
2040,50,31,256,5.8
651,48,23,64,5.8
938,12,30,64,5.8
1458,12,24,64,6.5
3806,16,21,512,6.9
703,16,22,128,6.1
266,12,20,128,5.8
572,12,22,64,5.8
1788,12,15,128,6.5
935,16,20,128,6.7
572,12,35,64,6.5
4041,16,18,512,6.9
297,12,18,64,6.1
1450,16,25,256,5.8
220,12,19,64,6.7
3192,20,25,128,6.1
1295,16,16,256,6.7
1935,12,20,128,6.1
2189,108,22,128,6.5
1604,108,16,128,5.8
1760,12,24,512,6.5
958,12,19,128,6.1
3444,48,22,256,5.8
967,16,21,128,6.9
1006,16,25,128,6.9
1057,16,30,128,5.8
264,12,23,64,5.8
2124,50,18,64,6.9
2404,12,22,64,6.1
4395,16,30,512,6.5
464,12,22,128,6.1
315,12,18,512,6.1
1358,16,20,512,6.1
4512,50,29,256,6.5
3578,12,25,256,6.9
434,12,30,64,6.1
593,48,21,64,5.8
940,12,28,64,6.7
1188,16,25,64,5.8
582,16,17,64,6.1
211,12,19,64,5.8
188,20,20,256,5.8
2467,12,21,512,6.1
395,16,19,64,5.8
485,12,20,128,6.5
6459,16,24,512,6.7
460,16,23,512,5.8
1221,16,20,512,6.5
132,16,29,256,6.5
1378,20,35,256,5.8
516,12,17,128,5.8
1289,12,22,512,5.8
1448,108,28,256,5.8
1743,20,18,128,6.9
4385,12,35,256,6.1
421,12,22,256,6.5
1741,12,19,512,6.1
685,16,28,128,5.8
1102,16,26,256,6.1
768,12,28,128,6.7
1241,48,15,64,6.1
156,12,17,64,6.7
226,12,24,128,5.8
1546,12,32,64,6.5
1272,12,15,512,6.1
1728,16,25,128,6.5
849,12,30,256,5.8
679,16,22,128,5.8
1412,12,28,256,5.8
936,16,19,128,6.5
342,12,24,64,6.7
414,12,19,128,5.8
1694,12,19,256,5.8
233,12,18,128,6.5
1061,12,26,128,5.8
951,12,17,128,6.5
1303,12,23,512,6.1
1581,50,29,64,6.1
767,16,20,128,6.9
3031,108,18,256,6.1
835,12,19,256,5.8
3709,16,20,256,6.5
1053,16,35,128,6.1
433,16,23,64,6.1
465,16,15,512,5.8
2746,16,25,128,6.1
2952,16,34,512,6.1
1156,12,25,128,5.8
363,12,32,64,6.5
417,12,24,512,5.8
727,12,24,512,5.8
3023,16,21,256,5.8
1504,16,28,512,5.8
406,12,20,64,5.8
1636,48,29,256,5.8
324,20,18,128,5.8
309,16,29,64,5.8
473,12,23,128,5.8
1714,12,17,256,6.9
678,12,16,128,6.5
1041,12,27,256,5.8
1189,16,22,128,6.7
1418,16,24,128,6.1
1879,12,24,512,6.7
534,20,20,256,6.1
1145,48,17,128,6.1
3329,16,22,256,6.9
818,12,33,128,5.8
253,16,31,256,6.7
296,12,23,64,6.7
358,16,20,128,6.1
1171,12,30,256,6.1
1045,16,16,128,6.1
190,16,16,64,6.1
1880,20,31,64,5.8
3600,16,16,512,6.9
1097,20,15,256,6.7
888,12,15,256,6.1
4029,16,35,512,5.8
966,16,17,512,6.1
848,16,19,128,6.7
430,12,18,64,5.8
1107,48,25,64,5.8
1256,16,25,64,6.7
608,16,27,64,6.1
1352,16,18,512,5.8
1632,16,30,64,5.8
786,20,30,128,5.8
373,12,26,128,6.1
4178,48,28,128,5.8
5616,20,17,512,6.5
1538,12,27,256,5.8
680,48,18,128,6.1
848,16,16,128,5.8
2518,20,16,256,6.1
1763,12,20,512,5.8
732,12,25,128,5.8
813,12,20,128,6.1
1802,12,23,256,5.8
792,20,16,64,6.5
1431,20,21,64,6.7
4234,108,29,128,5.8
1657,12,30,512,6.1
208,48,30,64,6.1
797,16,27,64,6.1
884,12,24,128,5.8
392,16,21,64,6.5
460,12,20,64,6.7
1583,16,27,256,6.9
755,16,15,128,6.1
1606,16,22,64,6.1
1102,20,28,128,6.1
433,12,18,64,6.1
5876,48,15,512,6.1
785,12,22,512,5.8
1216,50,17,64,6.1
1588,12,17,128,6.5
370,12,16,64,6.1
418,20,32,128,5.8
4249,48,32,256,6.1
488,12,30,64,6.1
5839,16,25,512,5.8
2525,16,23,64,6.1
2318,50,20,512,6.1
963,16,20,128,5.8
3406,12,19,256,5.8
481,12,25,128,6.5
946,20,23,128,6.1
2516,16,21,128,6.1
1379,48,18,256,5.8
185,16,16,64,5.8
3304,20,25,128,5.8
623,20,18,64,6.7
928,12,32,128,6.1
1632,16,17,512,5.8
341,12,16,512,6.1
880,12,27,64,6.1
1848,50,34,128,6.5
890,48,18,64,5.8
833,16,22,256,6.1
2242,12,15,256,6.5
374,12,25,128,6.1
1130,12,20,256,5.8
261,12,17,64,5.8
3882,50,34,512,6.7
647,48,15,128,6.7
515,108,18,64,5.8
444,16,25,128,5.8
894,16,24,64,5.8
2488,12,20,128,6.1
1647,16,15,256,6.1
560,12,18,64,6.1
612,16,20,128,6.7
1890,16,16,256,5.8
1042,20,25,512,5.8
71,16,22,128,6.1
885,12,20,512,6.1
491,16,20,128,5.8
384,16,15,128,6.5
587,12,25,64,6.1
1440,16,24,64,6.5
601,16,16,64,6.5
3378,16,21,512,6.1
3329,12,20,512,6.9
1694,12,25,256,5.8
1618,12,30,128,6.1
1183,16,22,64,5.8
1582,48,25,512,6.5
3231,20,16,512,6.1
747,16,25,512,6.1
788,20,19,64,6.1
3947,12,27,64,6.7
930,12,19,128,6.5
5678,48,33,256,6.1
461,12,15,64,6.9
926,12,34,512,6.1
4303,16,22,256,6.5
1244,50,27,64,5.8
657,12,25,64,5.8
502,12,19,128,5.8
2398,12,25,256,6.9
203,12,26,128,5.8
6117,16,25,512,5.8
572,12,20,128,6.1
1826,12,22,256,6.1
3096,16,20,128,6.9
635,12,33,64,6.1
1470,50,20,512,6.1
937,12,26,512,6.1
564,12,18,256,5.8
3111,16,33,256,6.1
631,16,18,512,6.1
2937,12,26,512,6.1
1807,16,27,64,6.1
267,12,27,128,6.1
1724,12,18,256,5.8
2247,48,30,256,6.7
972,12,17,256,6.5
529,12,17,64,5.8
843,12,16,128,6.5
725,12,15,128,6.7
902,12,20,64,6.1
2741,12,32,128,5.8
475,12,21,64,6.7
543,16,20,128,6.5
3024,50,33,256,6.5
341,12,19,64,5.8
2862,50,33,64,5.8
783,12,19,64,6.1
1307,12,25,256,6.5
178,20,29,512,5.8
1039,16,28,256,5.8
611,16,27,128,6.7
609,16,23,64,6.9
375,12,28,128,6.1
1714,16,17,128,6.7
917,12,25,128,5.8
620,12,26,128,5.8
1805,16,23,256,5.8
690,12,25,64,6.1
1052,12,35,64,6.1
1171,12,19,64,5.8
2945,12,28,128,6.1
5509,50,16,64,6.7
1803,12,29,128,6.9
3183,12,28,512,6.7
765,20,32,64,6.1
638,12,22,512,5.8
781,16,30,64,5.8
2561,20,23,64,6.5
1941,48,25,128,5.8
5752,16,28,512,5.8
795,108,26,128,5.8
202,16,18,64,6.5
4830,16,20,512,6.5
221,16,20,64,5.8
1344,12,31,512,5.8
318,20,32,64,5.8
375,12,16,128,6.5
1322,20,18,64,6.1
417,16,22,64,6.1
1283,12,17,64,5.8
268,12,17,64,5.8
817,12,17,64,6.7
1950,108,19,64,6.1
2309,16,35,128,6.9
315,12,20,64,6.1
384,12,23,64,6.1
163,12,17,64,6.5
928,12,35,128,6.1
187,16,23,64,5.8
578,16,22,64,6.7
597,16,16,64,6.7
489,12,18,256,5.8
1136,16,24,64,6.5
451,12,15,256,6.5
2407,20,16,256,6.5
1847,108,23,128,5.8
569,16,20,64,5.8
4172,20,31,512,6.1
3987,50,15,64,6.5
1203,48,15,512,6.1
325,12,26,128,5.8
478,16,35,128,6.5
648,12,17,128,5.8
1339,16,17,256,6.1
285,16,19,128,6.1
476,12,21,64,6.1
3643,108,25,512,5.8
771,12,20,64,6.5
6321,50,34,128,6.1
1765,12,33,512,5.8
1040,12,22,64,5.8
308,12,18,128,5.8
836,12,23,64,6.1
202,12,20,64,5.8
1123,16,23,128,5.8
1132,16,28,128,5.8
1843,16,30,128,6.9
820,12,30,64,6.5
413,16,16,128,6.5
1179,16,22,512,6.1
406,12,34,64,6.7
1111,12,34,512,6.1
947,16,19,64,6.5
1304,50,20,512,5.8
358,12,25,128,5.8
7780,16,32,512,6.9
1258,12,18,512,5.8
579,12,20,512,5.8
696,12,30,64,6.5
1557,12,21,128,6.5
2262,16,20,512,5.8
1067,12,30,128,5.8
449,48,18,64,6.7
1261,20,23,512,5.8
5618,48,30,256,6.7
332,12,25,128,6.1
184,12,17,512,6.7
1413,16,28,128,6.1
615,16,21,512,5.8
3286,50,17,256,6.7
277,16,18,64,6.1
441,16,28,128,6.5
432,20,22,64,6.1
505,48,21,128,6.5
1017,12,23,128,5.8
860,12,24,128,5.8
294,16,20,64,6.1
447,12,28,64,6.1
226,12,25,64,6.1
1642,12,30,512,6.5
1198,16,20,256,6.9
1183,16,25,128,6.5
1470,12,26,64,6.5
1562,50,18,128,6.7
1834,16,25,64,5.8
2268,12,27,128,6.1
480,12,28,64,5.8
1094,12,25,256,6.1
1629,12,19,512,6.1
1239,12,28,64,6.1
1589,12,17,64,6.1
1634,12,18,256,6.5
35,12,15,128,5.8
849,12,24,64,6.7
1672,20,18,512,5.8
418,12,25,512,5.8
2047,48,25,64,6.5
1423,20,25,64,6.1
400,12,26,64,6.9
982,12,24,128,5.8
1828,16,30,128,6.7
745,12,15,512,5.8
414,16,30,64,6.1
431,12,26,128,5.8
2092,20,25,64,5.8
1383,48,17,128,6.7
456,16,19,256,5.8
1660,48,19,128,6.5
1209,50,28,128,5.8
1239,20,33,256,6.1
3502,48,15,256,6.1
358,12,29,256,6.1
1244,12,23,128,5.8
405,16,25,64,6.1
1073,48,15,256,6.5
6545,20,19,512,6.5
2321,50,23,64,5.8
3929,20,22,512,6.9
2294,12,30,128,6.1
843,50,16,128,5.8
1396,12,27,256,6.1
896,48,25,64,5.8
1728,20,25,128,6.1
827,12,15,128,6.1
2865,108,21,512,6.1
798,16,15,512,6.5
158,12,30,128,6.1
131,12,20,64,5.8
486,12,19,256,6.7
110,12,20,64,5.8
413,12,22,256,6.1
1043,16,18,256,6.5
1347,12,35,128,6.5
2458,16,20,128,6.1
295,12,16,256,6.1
80,16,19,256,6.1
688,16,31,128,6.5
977,12,19,512,5.8
1392,16,35,512,6.1
447,12,21,256,5.8
3711,20,16,128,6.1
5436,50,24,512,5.8
1175,20,23,128,5.8
486,16,25,64,5.8
2935,48,23,512,6.1
904,16,23,64,6.1
2923,12,28,512,6.5
186,12,20,64,5.8
428,12,18,256,5.8
742,20,16,128,6.7
2122,16,18,256,6.5
1787,48,18,128,6.1
1839,12,20,64,6.5
372,12,21,128,5.8
333,12,21,256,5.8
957,12,26,64,6.7
771,48,17,128,6.5
34,12,26,64,5.8
914,20,18,512,5.8
423,12,31,512,6.5
1827,48,24,64,6.1
1273,20,33,64,5.8
2437,50,23,128,6.5
183,16,21,64,6.7
890,48,24,128,5.8
386,16,22,128,6.1
1592,16,26,512,5.8
3244,12,34,512,5.8
2308,48,32,128,5.8
1125,20,19,256,6.7
1284,16,21,64,5.8
735,48,21,128,5.8
1790,108,20,256,5.8
615,12,16,64,5.8
1504,16,18,256,6.1
528,16,25,128,5.8
3833,48,34,256,6.5
435,12,27,512,6.1
590,12,18,128,5.8
2755,50,22,128,6.5
5071,50,34,256,6.1
327,12,15,64,5.8
162,108,18,64,5.8
1733,12,25,512,6.7
1030,12,15,512,5.8
614,12,15,512,6.1
1110,12,17,64,5.8
1003,20,18,256,5.8
1400,12,16,512,5.8
528,12,15,64,6.7
1084,12,16,64,6.7
1062,20,22,128,6.7
315,12,20,64,6.1
636,12,20,64,5.8
1026,108,30,64,6.1
819,20,30,64,6.1
617,48,23,64,6.5
849,16,22,64,5.8
2080,12,27,512,6.5
2698,12,23,512,6.1
4998,108,29,128,5.8
1638,16,23,512,6.1
1045,12,29,512,5.8
1983,16,25,512,6.1
2162,12,19,512,6.9
209,12,24,64,5.8
513,108,17,128,5.8
325,12,20,64,6.1
1939,20,25,512,5.8
1214,16,15,64,6.1
1568,50,21,64,6.1
147,16,30,64,5.8
206,12,30,64,5.8
1385,48,16,64,6.5
227,48,20,64,5.8
2251,20,32,64,6.5
1608,48,21,64,6.5
849,12,16,256,6.1
658,16,19,128,5.8
2147,48,16,512,6.7
414,12,15,64,6.5
1853,16,23,64,6.1
589,12,17,128,5.8
522,12,28,512,5.8
4508,16,16,512,6.5
1255,12,25,128,6.1
595,12,16,128,5.8
263,12,23,512,5.8
1242,20,27,128,6.5
1619,50,19,128,5.8
530,20,15,64,6.5
299,12,19,128,5.8
1012,16,24,256,5.8
1954,12,34,256,6.1
707,12,22,64,6.9
469,12,25,256,6.1
315,12,16,512,6.5
2015,48,30,128,6.5
980,12,20,64,6.7
2292,50,25,64,6.1
1519,16,23,512,5.8
448,12,17,256,6.5
1800,16,20,128,6.5
1720,16,15,512,5.8
417,48,15,64,6.1
368,12,33,128,6.1
1107,12,19,64,6.5
478,12,18,64,6.1
390,12,15,64,6.5
713,20,29,128,6.1
353,12,15,128,6.1
1326,48,18,256,5.8
1039,12,19,256,6.5
517,12,23,64,6.1
772,16,30,64,6.9
640,16,26,256,5.8
973,12,25,256,6.1
1511,108,22,128,6.1
2251,12,24,512,6.7
132,12,30,64,6.1
648,12,20,64,6.1
425,12,18,64,6.1
1092,12,20,512,5.8
1116,16,20,64,5.8
358,16,16,128,6.7
483,12,26,64,6.1
606,16,18,256,6.1
1968,48,16,128,6.1
1480,20,16,64,6.9
2566,16,22,64,6.1
5544,108,19,256,6.9
279,12,21,512,6.1
1215,16,24,64,6.5
491,12,25,64,5.8
1994,50,18,128,5.8
1105,12,27,128,5.8
791,16,15,128,6.1
1193,48,17,64,6.1
2768,16,24,512,6.1
348,12,20,64,6.1
369,12,28,64,5.8
816,12,30,512,5.8
601,16,20,256,5.8
297,16,20,64,6.1
1563,16,25,512,5.8
307,12,30,64,5.8
735,12,35,128,5.8
970,16,20,256,5.8
965,12,20,256,5.8
351,16,25,256,6.1
1196,12,18,512,5.8
6549,108,29,256,6.1
331,16,16,64,6.5
859,12,15,512,6.1
2953,16,21,256,5.8
1527,12,31,128,5.8
483,108,17,128,6.5
810,16,29,64,6.1
3565,16,25,64,6.1
200,12,20,128,5.8
2019,20,30,128,6.5
408,12,25,64,6.1
1545,16,34,128,6.1
2616,12,25,64,6.7
3243,12,20,256,5.8
1012,12,17,64,6.1
542,12,18,256,5.8
1217,12,25,128,5.8
683,12,27,256,6.1
294,48,22,64,6.5
152,16,17,64,5.8
1095,12,18,64,6.1
336,12,17,128,5.8
2416,48,19,64,5.8
1064,16,19,512,5.8
1459,50,21,128,6.1
1668,16,20,512,6.1
550,20,24,64,6.5
720,12,16,128,5.8
1752,16,32,256,5.8
472,20,15,128,5.8
566,12,17,128,6.7
399,50,24,64,6.5
948,12,28,128,5.8
235,12,22,64,5.8
987,16,17,512,5.8
760,12,23,128,6.7
907,16,29,64,5.8
1776,12,33,256,5.8
1670,20,17,256,5.8
2222,12,30,128,5.8
294,12,15,128,5.8
1622,12,18,512,6.5
242,12,18,256,6.1
339,16,30,64,6.1
4618,16,20,512,6.9
1205,12,15,128,5.8
3870,16,34,128,6.9
364,12,29,64,5.8
4322,16,32,256,6.7
1034,16,15,512,5.8
852,16,31,64,5.8
686,12,16,256,5.8
1437,16,25,256,5.8
3680,12,21,512,6.5
568,12,25,128,5.8
910,12,17,64,5.8
910,16,25,64,6.5
2212,20,16,128,6.7
2463,16,17,512,6.1
3233,20,33,256,6.7
932,12,20,64,6.1
289,12,19,64,5.8
140,12,19,64,5.8
651,12,17,512,6.1
1224,12,20,512,6.5
1222,48,19,64,5.8
561,12,19,64,5.8
4079,108,30,128,6.9
1314,12,25,128,5.8
601,12,16,64,6.1
304,16,26,256,5.8
2286,16,16,256,6.1
2385,12,16,256,6.7
2772,50,30,128,6.1
1589,12,22,256,6.5
2085,20,23,128,6.1
426,12,16,512,5.8
991,16,30,64,5.8
2474,50,21,128,6.1
1372,12,22,128,6.1
657,12,18,128,5.8
824,12,20,128,5.8
897,16,21,256,6.5
92,12,18,64,6.1
457,12,24,128,5.8
421,12,31,64,6.1
2249,12,23,128,6.1
765,12,30,128,6.7
2461,12,29,64,5.8
5778,50,17,256,5.8
2025,108,23,64,6.7
10986,16,21,512,6.7
1432,16,24,128,6.5
1085,16,24,64,6.1
612,16,26,64,6.5
6670,50,17,256,6.5
1026,20,26,64,6.7
921,12,15,128,6.5
990,108,28,64,5.8
1201,12,23,128,6.5
594,12,18,128,5.8
627,12,16,128,6.5
1026,12,16,128,6.1
395,12,17,128,5.8
1027,12,28,256,5.8
837,12,25,64,6.7
1137,12,34,512,5.8
5461,12,34,512,6.1
744,16,20,64,6.7
1368,12,16,128,5.8
1279,20,15,128,6.1
2085,50,25,128,6.1
1866,50,23,64,6.1
2211,108,25,512,6.5
2579,16,30,64,5.8
822,16,20,256,6.1
326,16,20,256,6.1
2841,108,20,64,6.5
362,12,16,128,5.8
482,16,26,128,6.5
315,12,19,128,6.7
1038,16,18,128,6.1
244,12,19,64,5.8
3454,16,15,512,6.1
741,20,22,64,5.8
2341,50,18,128,5.8
585,12,25,64,5.8
1081,12,32,256,6.7
136,48,17,64,5.8
317,12,34,128,5.8
1545,20,25,128,5.8
2026,12,19,64,6.7
1612,12,28,256,6.1
1706,16,18,512,6.1
2089,12,24,512,5.8
598,12,30,64,5.8
722,20,15,128,6.5
651,16,23,256,5.8
1499,20,16,512,6.5
603,50,16,64,5.8
1839,12,26,64,6.1
226,12,18,64,5.8
869,16,23,256,6.1
1695,48,25,256,6.1
336,16,16,128,5.8
796,16,16,256,5.8
3294,50,25,128,5.8
1039,12,15,128,6.5
507,16,25,128,5.8
3653,16,19,256,6.1
3296,12,35,128,6.5
898,16,19,64,5.8
941,48,23,128,5.8
209,12,16,128,6.1
2654,12,27,128,5.8
3013,20,26,256,5.8
579,12,20,128,6.1
1662,16,19,256,6.7
1421,12,23,256,5.8
300,16,15,512,6.1
383,16,30,128,5.8
948,48,28,512,5.8
1334,12,29,128,6.9
1702,12,20,256,5.8
993,20,21,128,5.8
749,12,26,128,6.1
1302,12,32,128,6.1
8970,48,35,512,6.5
901,48,26,64,6.5
1216,20,17,128,5.8
3699,108,30,128,6.1
2080,12,20,256,5.8
213,12,19,256,5.8
445,12,16,512,6.1
1042,12,34,128,6.1
1655,16,20,128,6.1
1949,50,32,64,6.1
1676,16,20,128,6.1
1523,16,34,64,6.9
1847,20,16,512,5.8
1568,12,15,64,6.7
2372,16,19,128,6.7
248,16,15,128,6.5
500,12,21,64,6.1
504,12,21,64,6.7
613,12,20,512,6.7
162,12,17,64,5.8
481,12,16,64,6.5
419,12,25,64,5.8
2587,12,32,512,6.1
3995,50,25,256,6.5
3357,12,17,256,6.1
762,20,18,256,5.8
1001,12,16,128,6.1
4238,16,19,512,5.8
275,48,15,128,6.1
904,12,35,512,6.1
806,12,20,128,6.1
1888,12,25,512,6.9
1939,16,31,128,5.8
2573,12,15,256,5.8
344,16,23,128,6.1
712,12,16,512,6.1
843,12,17,256,6.7
539,12,20,64,6.1
547,20,23,64,6.5
320,16,17,128,5.8
1615,48,21,512,6.5
2126,20,26,256,6.7
718,16,16,64,5.8
3466,50,25,512,5.8
1167,12,31,128,6.1
1919,108,20,64,6.1
458,50,15,64,5.8
974,16,35,256,5.8
751,12,24,512,5.8
8306,48,20,256,6.1
2207,50,31,64,6.5
846,20,22,256,6.1
1258,16,20,128,5.8
407,16,17,64,6.1
600,12,24,64,6.1
948,12,17,128,6.1
322,16,17,512,6.5
333,12,21,64,5.8
571,12,25,64,6.1
740,16,20,128,6.5
2667,48,24,512,6.1
7488,16,18,512,6.9
2019,20,23,256,5.8
1854,12,23,64,6.5
2179,50,17,512,5.8
249,12,19,256,6.1
1992,48,25,64,6.5
198,12,24,512,5.8
922,12,33,512,6.7
1657,12,20,128,6.9
474,12,25,64,6.5
2035,12,18,256,6.5
510,12,21,128,5.8
492,12,24,128,6.7
1170,108,16,64,5.8
386,12,17,64,6.1
224,12,20,128,6.1
2119,12,27,128,6.9
660,16,16,64,5.8
1119,12,22,256,5.8
3510,108,16,512,5.8
578,12,21,512,5.8
1724,12,28,512,6.7
492,16,30,256,5.8
709,16,18,128,6.7
2517,12,20,256,6.1
505,20,16,512,6.1
1392,48,19,512,6.1
1973,16,31,128,6.5
656,50,18,64,5.8
2202,50,27,64,6.1
1457,12,26,128,5.8
541,12,22,128,6.1
1407,12,17,256,6.7
973,16,16,128,5.8
4231,50,24,128,6.9
193,12,20,128,5.8
799,16,28,512,6.1
882,16,15,128,5.8
2020,16,17,128,6.7
873,12,16,512,6.1
507,12,21,128,6.1
532,12,20,64,6.9
2420,20,26,512,5.8
908,16,16,64,6.5
1134,20,19,256,5.8
2017,16,20,256,6.5
3040,16,15,128,6.5
1723,12,22,512,5.8
385,16,20,64,5.8
788,16,27,64,6.1
430,16,23,512,5.8
106,12,17,64,5.8
948,20,26,128,6.1
1972,50,29,64,6.7
683,48,21,64,6.1
530,20,15,256,6.1
801,20,16,128,6.5
1421,12,21,128,5.8
1131,16,20,128,6.5
451,12,22,256,5.8
138,16,15,128,6.1
3824,48,20,512,5.8
3665,48,20,128,6.7
988,12,29,256,6.1
649,20,15,256,5.8
1317,16,25,128,5.8
3501,12,25,512,6.7
941,12,19,512,6.5
663,108,24,128,6.7
783,48,25,64,6.5
701,12,25,64,6.5
283,12,25,64,6.1
1129,20,20,128,5.8
648,12,26,64,5.8
1747,48,32,512,5.8
1098,20,16,128,6.5
520,20,21,64,5.8
932,12,23,512,6.1
1452,12,17,64,5.8
631,16,28,64,6.9
1058,12,24,512,6.1
432,12,20,512,6.1
439,12,18,64,5.8
764,16,27,64,5.8
363,12,17,128,5.8
676,12,20,512,6.1
2319,12,35,128,5.8
412,12,15,256,6.7
3133,20,17,512,6.7
1862,108,26,128,6.5
730,12,15,64,5.8
923,48,21,64,6.1
609,20,15,128,6.1
303,12,18,512,6.1
548,12,27,64,5.8
1340,12,23,256,5.8
1448,48,16,64,5.8
631,16,25,64,5.8
863,16,29,128,6.1
802,12,21,512,6.1
672,12,18,64,6.1
1936,12,25,256,6.1
1210,50,19,64,5.8
2508,16,17,256,6.1
936,12,16,512,5.8
491,12,18,128,6.5
370,12,17,64,5.8
506,48,16,512,5.8
1170,12,30,128,6.1
1118,12,16,512,6.5
1845,48,20,128,6.1
1740,108,15,128,6.1
2072,12,34,128,6.5
1825,48,17,512,5.8
800,16,25,256,6.5
388,12,15,64,6.1
198,12,21,64,5.8
806,20,15,64,6.1
588,16,21,512,5.8
950,12,16,512,6.9
854,50,20,64,5.8
524,16,16,64,5.8
1935,12,15,256,5.8
2700,20,25,64,6.5
725,108,25,64,5.8
1003,12,24,256,6.1
289,20,16,512,6.1
401,12,20,64,6.5
2118,16,20,256,5.8
432,12,28,256,6.7
1231,12,21,256,5.8
1217,16,27,128,6.1
2332,12,27,128,6.5
2027,16,20,64,6.1
800,12,17,256,5.8
705,12,15,512,6.5
1225,48,17,128,6.1
275,12,34,64,5.8
429,12,29,256,6.1
2372,20,30,512,5.8
2502,12,25,512,6.5
1259,12,21,128,6.5
787,16,15,512,5.8
1252,50,18,256,5.8
545,16,19,128,6.1
581,16,19,64,5.8
1899,12,25,128,6.7
2242,108,25,256,6.1
1017,12,22,512,6.1
580,16,20,128,6.1
3198,108,33,128,6.7
2954,48,20,512,6.5
350,12,20,128,6.9
8464,16,33,128,6.7
661,12,20,256,5.8
472,16,19,128,5.8
3278,16,26,512,6.5
499,12,31,64,5.8
696,16,23,256,6.1
2507,16,33,64,6.7
3075,12,17,128,6.9
1740,16,21,128,5.8
884,16,20,64,6.7
1746,12,20,256,6.9
662,12,26,64,6.1
1058,16,25,64,6.1
1007,12,30,512,6.7
1155,20,17,64,6.1
457,16,25,128,5.8
6206,48,31,512,5.8
417,16,25,64,5.8
811,16,25,64,6.7
365,12,22,256,6.1
962,12,20,64,5.8
1782,48,20,128,5.8
679,20,25,128,6.5
2062,16,15,256,6.1
4738,12,31,512,5.8
249,12,15,512,5.8
204,12,21,64,5.8
1046,48,29,64,5.8
1242,16,33,256,6.1
633,12,22,64,5.8
1358,20,20,256,5.8
2541,16,25,512,5.8
3136,16,29,64,6.1
786,48,29,256,5.8
3872,20,34,128,6.5
648,48,22,128,5.8
656,16,25,64,6.5
4295,108,20,512,5.8
893,12,20,128,6.9
1724,48,27,64,5.8
1596,12,34,512,5.8
655,20,17,64,5.8
1140,16,27,128,6.1
1626,12,29,128,6.7
2165,20,15,256,5.8
1178,12,26,128,6.5
2910,20,20,512,6.1
657,12,17,128,6.5
561,12,24,256,6.7
286,12,32,512,5.8
402,16,24,128,5.8
1792,50,29,256,6.7
1228,108,18,64,6.1
1354,12,26,128,6.5
650,12,19,128,5.8
371,12,26,512,5.8
496,12,30,64,5.8
733,12,30,64,5.8
2078,12,20,128,6.5
1316,48,30,64,5.8
1798,12,27,256,5.8
5024,50,21,256,6.5
2313,12,23,256,6.9
512,12,17,128,6.1
5271,12,28,512,5.8
1112,16,27,512,6.5
1199,16,23,512,6.7
2398,48,33,512,6.5
993,16,21,256,5.8
783,16,25,256,5.8
546,20,21,64,5.8
208,16,30,64,6.9
5559,20,32,512,6.5
1523,12,25,256,5.8
469,12,23,128,5.8
1450,20,25,64,6.1
1011,50,16,128,6.1
2023,12,28,64,6.1
828,12,21,64,6.1
990,20,22,512,5.8
2311,108,25,64,6.1
1138,16,26,64,5.8
659,48,16,64,5.8
2773,16,31,128,5.8
1014,16,27,512,5.8
993,20,16,256,6.5
378,12,27,64,5.8
1451,16,20,64,6.1
730,12,15,256,6.1
328,12,18,256,6.1
946,48,21,256,6.1
2040,108,25,128,5.8
612,12,19,128,6.7
525,12,30,128,5.8
2284,48,18,128,6.5
95,12,22,256,6.5
1197,20,15,128,5.8
1112,12,18,128,6.5
432,12,30,64,5.8
320,16,28,64,6.9
824,16,18,256,5.8
1165,12,27,512,5.8
283,16,24,64,6.1
252,12,35,128,5.8
925,16,18,256,6.1
626,12,33,128,5.8
371,12,19,256,5.8
1267,48,33,128,5.8
1227,12,18,256,6.1
885,20,29,64,6.1
5471,108,18,512,6.5
757,16,28,256,6.5
787,16,25,256,5.8
1308,12,21,64,6.1
217,12,19,128,6.5
468,12,16,64,5.8
2862,20,21,512,6.9
167,12,16,64,5.8
883,16,16,256,6.1
771,16,15,256,5.8
160,12,17,128,5.8
2484,48,21,128,6.7
232,16,21,64,5.8
1480,50,18,256,5.8
1549,48,16,128,5.8
583,12,15,512,5.8
1204,20,25,128,6.5
357,12,25,128,6.1
2795,12,32,128,6.1
260,16,17,64,5.8
433,12,33,128,6.1
3410,20,19,512,6.1
4416,50,17,256,6.1
1954,12,17,128,5.8
3273,16,27,256,6.1
887,16,17,256,5.8
915,12,19,64,5.8
493,12,23,128,5.8
821,12,17,64,6.7
2126,12,18,256,6.7
189,12,27,128,6.5
741,48,15,128,6.1
295,12,20,64,6.1
1290,48,23,512,6.1
4017,48,23,128,6.5
213,16,17,128,5.8
1024,16,17,512,6.5
1321,16,16,512,6.1
507,20,26,128,5.8
2196,12,15,512,6.7
383,16,23,256,5.8
925,12,17,256,6.9
3785,108,20,256,6.1
866,12,25,64,6.7
1010,16,25,256,5.8
249,12,15,256,5.8
402,16,19,256,6.1
868,12,22,128,5.8
770,12,17,128,6.5
451,12,22,512,6.1
609,16,30,128,5.8
805,12,19,512,5.8
402,12,28,64,6.1
2367,12,25,256,6.1
804,16,19,128,6.1
142,12,18,128,5.8
54,12,17,64,5.8
511,12,20,512,5.8
1677,12,18,128,6.9
1076,20,15,512,6.5
492,20,32,64,6.5
1296,12,20,512,5.8
1084,16,30,64,6.5
910,12,18,64,5.8
382,12,32,128,5.8
152,12,27,128,5.8
2075,12,16,512,6.9
263,20,24,64,5.8
1760,12,16,512,5.8
666,48,25,256,5.8
1326,16,25,512,5.8
1096,12,28,256,5.8
1161,20,18,512,6.1
899,20,18,128,6.7
463,12,22,256,5.8
2879,20,33,128,5.8
1559,16,29,256,5.8
2206,12,21,64,6.7
86,12,17,256,5.8
737,12,24,128,5.8
590,20,21,64,6.5
148,16,19,128,5.8
1224,50,21,64,6.1
3296,108,26,64,6.9
2021,20,28,512,5.8
1600,48,16,64,5.8
3212,20,26,128,6.9
1088,12,19,64,6.1
2586,20,15,128,6.7
2528,108,22,256,5.8
723,20,20,512,6.5
384,12,22,64,6.1
378,12,16,64,5.8
203,12,18,64,5.8
695,16,18,256,5.8
756,12,20,64,5.8
367,12,15,256,5.8
801,16,20,512,6.1
1550,12,23,256,6.7
3844,20,15,128,6.7
451,16,25,512,6.5
2814,12,21,512,6.5
785,50,25,512,5.8
8604,108,19,512,6.7
2220,50,22,512,5.8
709,16,25,512,5.8
351,16,35,64,5.8
505,12,20,128,5.8
1860,12,32,64,5.8
1236,20,23,64,6.1
412,16,20,128,5.8
5339,12,23,256,6.7
849,12,17,64,5.8
864,16,27,256,5.8
652,12,23,64,6.7
2685,12,30,256,6.1
637,12,16,64,6.7
1183,12,19,512,5.8
4295,48,17,512,6.5
1424,16,22,64,6.7
2814,48,27,128,6.1
1081,16,25,256,6.1
358,12,23,64,6.1
1508,12,24,256,5.8
345,48,21,64,6.5
597,12,17,256,6.9
850,12,28,512,6.1
348,12,18,64,5.8
4081,16,19,512,6.1
3256,50,34,512,5.8
690,12,25,128,5.8
757,16,30,64,5.8
1395,12,27,256,5.8
3722,12,30,512,6.5
688,16,18,256,5.8
706,12,19,64,6.1
849,12,22,256,5.8
266,12,23,64,6.5
1081,20,19,256,6.1
1314,12,16,64,6.1
365,16,28,64,6.1
665,20,20,128,5.8
743,12,21,64,6.1
594,12,16,128,6.5
499,16,24,64,6.1
6716,108,25,256,6.1
5720,20,31,512,6.1
626,16,18,128,5.8
338,12,23,256,5.8
508,12,21,64,6.1
278,12,23,128,5.8
865,20,34,64,5.8
220,12,21,64,6.1
1296,50,23,128,6.7
1879,20,22,128,6.1
1827,20,34,64,6.1
153,16,24,128,5.8
524,12,30,128,5.8
4012,108,19,256,6.5
2018,48,18,512,5.8
1717,16,28,512,6.5
787,12,20,128,6.5
1760,12,27,128,5.8
782,12,24,256,6.7
685,16,18,256,6.9
159,12,20,64,5.8
513,20,24,128,5.8
232,16,27,128,5.8
385,12,25,128,6.5
3239,16,27,128,6.7
199,16,16,64,6.9
1142,12,18,128,6.7
1371,16,31,64,6.7
600,16,17,128,5.8
2171,12,16,256,6.7
2598,16,21,256,6.5
811,50,19,64,6.5
920,12,20,128,6.5
9776,12,23,512,6.9
496,12,22,64,5.8
2284,48,20,64,5.8
2815,50,35,512,5.8
916,20,28,128,6.1
53,12,16,64,6.1
1133,16,15,512,6.5
906,16,27,128,6.1
923,16,27,128,6.5
2337,12,23,128,6.9
487,12,30,64,5.8
608,48,22,256,5.8
1499,16,32,256,6.1
326,12,18,128,6.7
127,16,19,64,5.8
530,12,21,256,6.1
1459,12,30,128,6.7
487,16,20,64,5.8
1016,16,30,256,5.8
1129,16,20,64,6.7
759,12,29,128,6.1
454,12,16,64,5.8
667,12,35,512,5.8
1081,12,30,512,5.8
1915,12,31,512,6.1
3898,48,25,128,6.9
1000,16,17,128,6.5
1393,16,22,512,5.8
4919,108,34,128,5.8
1789,50,18,512,5.8
206,12,19,256,6.1
580,48,18,256,5.8
350,12,18,64,5.8
273,12,18,512,6.1
723,16,21,64,6.1
2500,16,26,128,6.1
91,12,16,128,5.8
1859,48,20,128,5.8
763,12,19,128,5.8
1755,16,18,512,6.1
570,20,20,128,5.8
1589,12,28,512,6.5
569,16,20,256,6.1
1201,50,18,256,6.7
5013,108,20,512,6.7
498,16,20,256,6.7
1016,48,16,256,5.8
1700,108,19,256,5.8
6154,50,21,256,6.5
2079,12,25,128,6.1
1376,16,16,128,6.5
1197,20,25,64,6.1
1138,108,20,64,6.1
2175,48,17,512,6.5
933,16,30,128,6.9
495,12,15,128,6.7
1754,12,27,512,5.8
2372,12,33,256,6.9
638,12,19,512,6.5
1754,16,17,512,6.7
1396,12,25,64,5.8
2320,108,20,256,6.5
1978,12,25,64,5.8
583,12,27,64,5.8
237,12,21,64,5.8
645,16,15,128,6.5
260,16,33,128,6.1
1487,12,18,64,5.8
1149,48,18,64,6.1
1182,16,21,256,5.8
1814,20,25,128,6.7
646,12,21,128,6.1
4598,16,27,512,6.5
438,12,17,64,6.1
1403,12,21,256,5.8
1309,50,16,128,6.5
307,16,15,64,5.8
449,16,20,512,6.1
2113,12,20,512,6.7
551,12,25,256,6.1
1110,12,29,256,6.1
913,12,17,128,6.5
1118,12,19,512,5.8
1108,12,28,64,5.8
377,16,20,64,5.8
1853,20,19,128,6.1
2241,12,28,256,6.5
8780,20,26,512,6.7
5429,16,30,512,6.1
7123,108,22,128,6.1
653,12,28,128,6.1
225,16,18,64,5.8
346,12,33,256,5.8
735,16,27,64,5.8
956,48,22,256,5.8
4138,108,20,512,6.7
826,12,18,64,5.8
1376,12,15,128,6.1
2614,48,26,128,6.9
1222,16,26,256,5.8
752,12,15,512,5.8
1632,12,27,64,6.1
270,12,21,128,6.5
1652,108,34,512,5.8
2974,16,20,256,6.1
3159,108,27,128,6.1
935,12,31,128,6.5
2291,48,34,128,6.1
1556,108,24,64,5.8
1457,50,24,256,5.8
164,12,15,256,5.8
2324,12,32,512,6.5
1876,16,17,512,6.1
1217,50,15,64,5.8
1167,12,34,256,5.8
284,12,25,64,5.8
1503,12,30,256,6.5
152,16,16,64,5.8
483,20,21,128,5.8
531,16,20,256,5.8
1197,16,23,512,5.8
774,48,28,128,6.1
1268,16,19,128,6.1
4049,108,23,512,6.1
2930,16,25,512,5.8
76,12,26,64,5.8
1606,12,20,512,5.8
2897,12,32,512,6.5
2795,20,17,256,6.7
1189,108,21,128,5.8
1684,50,26,64,6.1
432,16,23,128,5.8
2779,20,23,512,6.1
271,50,30,128,5.8
1246,16,17,512,5.8
196,16,15,128,5.8
1756,12,17,256,6.5
632,12,27,64,5.8
3064,108,27,128,6.7
470,12,23,128,5.8
641,12,17,128,5.8
1580,108,26,64,6.5
426,12,16,256,5.8
1270,16,16,512,6.5
917,16,35,256,5.8
8032,48,25,512,6.1
1009,16,19,128,6.1
2345,108,21,64,6.7
899,50,17,64,5.8
1594,12,18,512,5.8
265,12,16,128,5.8
187,16,19,64,5.8
1961,12,18,256,6.5
2729,16,25,64,6.5
1359,12,26,64,6.1
936,16,19,64,6.1
330,16,15,128,5.8
2225,12,30,512,6.1
604,12,28,64,6.1
581,16,18,64,6.1
2389,12,20,512,6.5
1357,20,29,128,5.8
1662,16,19,256,5.8
382,12,21,128,5.8
485,12,20,128,5.8
2137,12,19,256,5.8
422,20,20,64,6.5
1871,12,19,64,6.1
7089,12,22,512,6.9
531,12,24,128,5.8
499,12,24,64,6.7
1505,12,17,512,6.1
668,48,27,64,5.8
790,50,16,64,6.1
1394,12,27,128,6.1
2791,20,20,256,6.7
154,16,19,128,5.8
324,12,15,256,6.1
1612,16,35,256,6.5
982,12,35,128,6.7
416,12,18,512,6.5
289,108,23,64,5.8
1259,48,20,128,6.1
606,16,30,128,5.8
939,12,17,64,6.7
1574,50,30,64,6.1
730,16,30,64,5.8
577,16,24,128,5.8
1740,16,20,512,6.9
705,16,29,128,6.7
1163,16,23,64,6.1
709,16,18,128,5.8
366,12,18,256,5.8
2691,50,23,512,6.5
5178,48,20,128,6.7
1096,12,26,64,6.1
2355,48,25,128,6.5
899,16,24,256,6.1
342,12,15,512,6.1
1146,48,31,128,6.5
976,108,21,512,6.1
985,12,29,256,6.1
1675,16,15,512,5.8
3020,16,29,512,5.8
806,16,19,64,6.1
458,16,22,64,5.8
1154,20,19,256,6.1
735,12,29,512,6.5
1002,20,20,256,6.9
2206,12,20,512,6.7
815,12,19,128,6.1
65,16,20,64,6.1
243,16,22,64,6.1
372,12,17,128,5.8
341,12,19,64,6.1
588,16,23,128,6.1
942,48,18,512,5.8
451,12,22,128,5.8
844,16,21,128,5.8
3855,12,24,128,6.9
972,12,15,128,6.7
989,16,19,256,5.8
675,16,32,256,5.8
448,12,17,64,5.8
3787,16,32,512,5.8
544,20,15,64,5.8
332,12,24,128,5.8
1375,16,22,256,5.8
646,12,16,512,6.7
1989,12,24,512,6.5
2997,20,19,256,6.5
589,12,19,256,5.8
1235,16,35,256,5.8
1798,48,21,64,6.9
589,16,32,64,6.1
1229,20,27,128,6.1
1387,16,21,256,6.5
2592,12,24,256,6.1
483,12,24,128,6.5
834,16,34,128,6.1
506,12,22,64,5.8
2468,20,23,128,6.1
3460,108,30,512,6.1
511,12,21,256,5.8
1061,12,34,128,6.7
1306,12,16,256,6.5
941,12,18,512,6.5
3449,48,20,128,6.1
2377,12,17,512,6.1
436,12,23,64,5.8
388,16,20,128,5.8
4455,16,15,256,6.9
1816,16,25,64,6.9
867,16,25,64,6.1
1226,12,16,64,6.9
3856,20,24,128,5.8
8461,12,25,512,6.9
3014,16,25,256,6.1
1828,16,28,128,5.8
451,12,15,512,5.8
332,12,17,512,6.1
3521,108,25,256,6.9
1316,12,28,256,5.8
566,12,22,128,6.1
705,12,18,64,6.5
202,16,20,64,6.5
1048,16,19,128,5.8
533,12,33,256,5.8
1538,20,24,256,6.1
4753,48,16,512,6.5
676,12,16,512,5.8
304,12,24,128,5.8
417,12,16,128,6.1
262,12,20,512,5.8
2180,48,22,64,6.9
505,20,30,64,5.8
1153,20,23,128,5.8
2737,48,30,512,6.7
198,16,26,128,5.8
651,20,25,64,6.1
1909,12,16,128,6.1
266,12,16,128,5.8
1503,108,21,256,6.7
476,12,15,64,6.1
816,50,18,128,6.1
3772,48,29,128,6.5
475,16,29,128,6.1
722,48,23,512,5.8
1100,48,20,64,5.8
1845,12,29,512,6.5
535,12,28,512,6.1
699,12,18,256,5.8
514,16,25,64,6.7
1266,16,35,512,6.5
507,12,32,128,6.5
710,12,28,128,5.8
4175,16,17,256,6.1
527,12,22,64,6.5
902,16,19,128,6.7
1629,12,19,128,6.9
479,12,17,128,6.9
1437,12,23,128,6.5
466,12,25,512,5.8
336,16,16,64,6.7
420,12,19,64,5.8
2672,12,20,512,5.8
2682,108,19,512,5.8
233,12,30,64,5.8
1653,16,30,256,5.8
873,12,23,64,6.5
1264,12,24,256,6.5
1058,12,18,256,6.1
649,16,15,64,6.1
412,16,15,64,5.8
6872,108,22,512,5.8
607,12,25,64,6.1
420,12,22,64,6.1
1049,16,24,128,6.5
1606,16,23,64,5.8
913,16,20,128,6.1
2306,108,25,128,6.1
1929,108,21,64,6.5
4376,16,18,256,6.5
342,16,24,128,5.8
1217,108,17,128,5.8
291,12,19,64,5.8
526,16,21,64,5.8
475,12,23,128,5.8
563,12,18,128,6.5
1437,12,25,64,5.8
659,20,20,64,6.7
881,12,27,128,6.1
479,20,15,512,6.1
1295,12,16,128,6.1
477,12,19,256,6.7
300,12,15,64,5.8
1554,108,19,128,5.8
929,16,31,256,6.5
644,12,28,64,5.8
631,16,20,512,5.8
292,12,16,512,6.1
4599,12,27,512,5.8
1283,12,28,256,6.9
1917,12,29,256,6.1
2968,16,16,512,6.5
1144,16,20,256,5.8
424,16,19,256,6.1
653,12,22,256,6.1
108,20,28,128,6.1
153,16,32,128,6.1
728,16,19,128,5.8
862,12,24,128,5.8
5542,12,30,512,6.5
1807,108,26,64,6.1
596,16,17,128,5.8
1788,12,22,256,6.5
225,16,30,256,5.8
718,16,20,64,5.8
1286,16,15,64,5.8
1344,16,24,512,6.5
2261,16,29,256,6.1
444,12,24,128,6.1
3310,50,15,128,6.7
934,12,28,128,6.7
1088,12,19,256,6.5
186,16,32,64,6.1
399,16,23,64,6.1
3997,48,23,256,6.1
102,16,20,64,6.5
911,48,19,512,5.8
1896,108,28,128,6.7
926,16,20,128,5.8
1371,12,17,64,6.1
902,20,25,64,5.8
514,16,19,256,6.1
1022,12,25,128,5.8
3485,50,35,128,5.8
749,48,23,128,5.8
647,12,30,128,6.1
568,12,19,64,6.1
1493,12,19,128,6.1
383,48,17,128,6.1
747,12,17,128,5.8
533,16,35,64,6.1
1154,12,20,256,6.1
512,12,16,128,6.1
468,16,17,64,5.8
2390,12,29,512,6.1
888,48,16,64,5.8
125,12,15,64,5.8
3519,20,18,512,6.1
3022,108,30,64,6.1
313,16,29,64,6.5
339,12,19,128,6.1
1519,16,19,128,6.1
321,16,32,256,6.9
538,20,25,64,5.8
450,16,19,64,5.8
751,12,28,64,5.8
3265,12,19,512,6.7
278,20,21,256,6.5
633,16,16,128,5.8
618,16,27,256,5.8
780,12,34,256,6.1
625,12,18,64,6.1
604,16,16,64,5.8
1241,12,19,512,6.7
1253,16,27,128,5.8
196,12,25,64,6.1
856,12,19,256,5.8
967,16,32,256,6.1
3942,108,17,512,5.8
1596,12,17,128,6.5
1335,16,33,64,6.5
637,12,15,64,6.5
1328,16,21,128,5.8
671,16,30,512,5.8
1583,48,27,512,5.8
2215,48,19,512,5.8
1320,12,20,512,5.8
2829,12,20,256,6.7
524,20,27,64,6.7
504,12,23,64,6.1
3764,16,35,64,6.1
1385,16,25,64,6.7
1676,20,17,256,6.5
2384,12,20,64,6.9
1387,48,23,128,6.1
625,16,15,256,5.8
271,12,17,64,5.8
11449,50,21,512,6.9
956,12,25,128,6.1
1049,12,25,128,6.1
1889,16,20,512,6.1
1640,16,19,512,6.1
2492,16,20,256,5.8
260,12,15,64,6.9
852,12,29,512,5.8
531,12,29,256,5.8
502,12,17,512,5.8
4680,50,23,512,6.5
560,12,15,64,6.1
427,12,25,256,6.1
396,12,20,512,6.1
1470,16,20,64,6.1
1466,12,16,128,5.8
1274,12,23,512,6.5
11752,48,30,512,6.7
1497,16,25,256,5.8
521,16,29,128,6.1
624,12,34,256,5.8
83,12,17,64,6.5
817,12,15,128,6.7
85,16,21,512,6.1
1256,16,25,64,5.8
6661,20,34,64,6.5
3751,48,30,256,5.8
1143,20,29,256,6.1
371,16,21,64,5.8
394,12,18,64,6.1
336,20,25,128,6.5
621,12,18,256,6.1
6154,48,25,512,6.1
5622,50,31,128,5.8
659,12,17,128,6.7
515,12,20,256,6.5
1802,12,18,64,6.1
648,20,35,64,6.1
1351,12,34,512,6.1
1751,12,25,64,6.5
885,108,29,512,5.8
434,12,21,64,5.8
356,20,26,64,5.8
6481,16,29,512,6.7
658,12,19,128,6.9
1134,12,32,64,6.1
1859,20,18,64,6.7
1588,50,21,256,6.1
1245,48,24,64,6.1
4543,16,28,128,6.1
761,16,26,256,5.8
529,16,29,128,5.8
436,12,20,128,5.8
1112,12,26,128,6.1
878,12,29,128,5.8
305,16,30,512,5.8
183,12,15,64,6.9
364,12,20,64,5.8
382,12,20,64,5.8
2053,20,21,512,6.5
622,12,20,64,6.5
366,12,30,128,5.8
1176,16,20,128,6.1
786,16,19,512,6.1
171,12,20,64,5.8
5490,16,30,256,6.9
1024,16,21,256,6.1
3178,16,21,512,5.8
2571,16,30,128,6.9
2419,16,32,512,6.7
383,16,29,64,5.8
381,12,15,64,5.8
3772,48,32,64,5.8
312,12,28,128,5.8
775,16,18,128,5.8
1112,12,26,128,6.5
536,12,27,128,5.8
3704,12,28,256,6.1
2032,16,20,64,6.1
2673,48,24,256,6.1
263,20,18,64,5.8
878,16,30,256,5.8
1500,48,25,256,5.8
214,12,29,64,6.5
1347,50,19,256,6.1
305,12,16,64,5.8
80,12,16,128,6.1
1124,12,26,64,5.8
4061,48,18,256,6.5
732,16,15,64,6.9
474,12,17,128,6.5
553,12,26,64,6.7
3572,12,33,256,6.7
192,12,21,64,5.8
788,12,34,128,5.8
364,48,18,128,6.7
235,12,22,64,5.8
2187,12,18,256,6.1
1759,16,16,128,6.5
1418,20,30,256,5.8
536,16,22,128,5.8
756,20,16,512,5.8
316,20,20,64,6.1
170,12,18,64,5.8
2295,50,22,512,5.8
1359,16,26,256,6.7
281,12,32,128,6.1
2145,48,28,256,6.7
466,12,19,128,6.1
399,12,16,64,6.1
3082,20,22,64,6.9
72,12,26,64,5.8
478,12,22,64,5.8
1412,12,25,256,6.1
424,12,17,64,5.8
1112,16,18,512,5.8
445,12,20,256,5.8
648,12,16,128,6.7
606,16,17,128,6.7
703,12,17,256,6.7
793,48,20,64,6.7
690,16,16,64,5.8
6213,108,29,64,6.5
2059,16,30,256,5.8
419,12,15,64,6.5
1423,16,26,512,6.7
775,12,16,512,6.5
931,20,18,256,6.1
54,12,17,128,5.8
899,12,18,256,6.1
1102,12,35,512,6.5
1432,16,25,128,6.1
840,48,29,64,5.8
282,12,30,128,5.8
836,12,19,512,6.1
751,16,20,64,6.1
2188,12,24,512,6.5
3561,108,28,256,6.1
1850,12,33,256,6.9
907,12,30,128,6.5
1530,50,21,64,6.1
552,12,19,128,6.1
4512,16,27,512,6.7
277,48,21,64,6.1
1975,48,21,128,6.1
424,12,20,256,5.8
818,16,15,256,6.5
198,20,20,64,6.5
925,108,25,64,6.1
2257,12,19,64,5.8
1899,16,24,256,6.7
1037,12,18,128,5.8
1479,12,25,128,6.9
1122,12,29,512,5.8
1271,12,33,128,6.9
3685,50,24,512,6.1
709,16,22,256,6.1
1251,20,24,512,6.1
1119,12,30,256,5.8
643,16,31,128,5.8
1801,48,33,64,6.1
2336,16,18,256,5.8
1016,20,15,64,6.1
839,16,25,64,6.1
989,12,21,64,6.1
260,12,23,256,6.1
1280,16,29,512,5.8
2942,12,28,512,6.9
973,12,17,256,5.8
233,16,16,512,5.8
2006,16,30,128,6.1
6263,48,23,64,6.7
1922,20,17,128,6.1
2097,16,20,256,5.8
2007,16,30,128,5.8
758,16,19,512,5.8
594,12,27,256,6.1
1873,20,25,64,6.1
372,16,29,128,6.1
130,12,34,64,5.8
933,16,20,64,6.7
493,12,21,128,5.8
3814,20,27,512,5.8
624,12,18,64,5.8
879,12,20,128,6.5
1254,12,16,256,6.5
208,12,22,64,5.8
278,12,19,128,6.5
3749,12,15,128,6.9
2544,50,27,512,5.8
879,16,17,512,6.1
3941,16,28,512,6.5
2968,12,26,512,6.7
768,12,32,256,6.5
1256,20,17,128,6.1
1195,12,19,128,6.1
811,16,27,256,6.1
491,12,18,512,6.1
531,16,16,64,5.8
2488,16,16,512,6.7
1073,12,25,512,6.1
2712,12,22,512,6.5
956,16,16,512,5.8
2069,12,15,512,6.9
5132,20,20,256,6.5
2265,48,22,128,6.7
769,16,19,128,5.8
618,12,17,64,5.8
814,12,20,128,5.8
939,12,32,256,5.8
1611,16,21,128,6.7
1628,20,33,512,6.1
786,16,17,128,5.8
172,12,15,128,6.5
435,20,30,64,6.1
946,48,20,128,5.8
1483,50,19,128,6.1
1983,16,20,256,6.1
2511,12,15,512,6.1
659,12,20,128,6.5
1381,108,16,512,6.1
785,12,20,128,6.9
2555,108,17,512,6.7
1692,12,21,64,6.5
1014,108,16,128,5.8
289,12,17,128,6.7
2112,48,17,256,6.7
178,12,30,64,5.8
516,16,19,128,6.1
3604,12,20,512,6.1
913,16,27,64,6.5
803,12,25,64,6.5
629,48,21,256,5.8
970,16,22,128,5.8
707,16,30,128,5.8
671,108,20,64,6.1
186,12,15,64,5.8
2147,20,19,512,6.7
769,48,17,128,5.8
499,12,20,256,6.1
1327,50,28,256,5.8
2439,50,25,64,5.8
1674,20,15,512,6.1
1550,16,23,256,6.5
986,12,32,128,6.7
1511,12,18,128,6.1
1847,16,24,512,5.8
817,12,20,128,6.5
1393,12,16,128,5.8
449,12,20,512,5.8
1471,20,26,64,6.5
10152,48,25,512,6.9
1689,12,16,64,6.9
241,12,15,128,6.5
3297,16,34,512,6.1
2103,12,15,512,5.8
146,12,15,64,5.8
463,50,21,128,5.8
244,12,20,128,5.8
2338,48,21,64,6.5
2654,50,20,128,6.7
8039,48,24,512,6.5
553,16,27,64,5.8
283,20,19,128,6.5
179,12,27,64,5.8
1487,12,30,512,6.1
184,12,28,64,6.5
879,12,15,512,6.1
467,48,21,64,6.5
743,20,23,128,5.8
858,12,29,64,6.5
428,20,28,128,6.1
516,12,21,128,5.8
663,16,22,256,5.8
612,12,34,64,6.1
820,12,30,64,6.1
471,12,30,64,5.8
2149,12,26,64,6.9
596,12,20,128,5.8
2927,48,29,128,6.9
891,16,23,128,6.9
478,16,20,256,5.8
903,12,17,64,6.5
1347,16,35,256,5.8
916,20,17,64,6.1
703,16,17,128,5.8
140,12,22,128,5.8
328,12,24,256,6.1
710,12,16,64,6.1
943,12,26,512,5.8
1366,12,17,128,6.5
1400,16,20,512,5.8
1121,12,21,512,5.8
520,12,25,128,5.8
1198,12,32,128,6.7
822,12,19,128,6.1
1009,50,20,64,6.1
666,16,19,256,6.1
9827,108,21,256,6.9
1616,16,15,256,5.8
419,12,24,128,5.8
542,12,25,64,5.8
1145,48,16,64,5.8
648,12,19,512,6.1
1500,12,29,512,6.1
80,16,20,64,5.8
1279,12,15,64,5.8
715,16,15,128,6.1
430,16,24,64,5.8
4831,16,20,256,6.5
316,12,26,128,6.1
398,12,20,64,6.1
1385,20,19,128,6.5
578,12,19,256,5.8
1434,12,23,128,6.5
1073,16,23,64,6.5
1093,20,19,512,5.8
530,108,19,64,6.5
1118,12,25,64,6.1
250,12,23,256,6.5
1190,12,25,256,6.5
3108,50,18,512,6.7
1054,12,21,256,6.7
1117,12,20,512,6.5
3815,48,21,256,5.8
162,12,16,256,6.1
2850,50,23,128,5.8
410,16,25,64,5.8
3476,48,25,256,6.5
2135,16,25,64,6.7
2461,12,30,512,6.5
1729,20,25,64,6.7
1037,16,25,512,5.8
9722,48,29,512,6.1
3190,16,27,256,6.5
1811,16,31,128,5.8
304,16,25,256,6.7
450,16,22,64,6.5
1136,12,34,128,6.5
1586,16,30,256,5.8
644,12,20,64,6.9
2848,16,31,128,6.1
943,12,20,64,6.9
4306,12,30,512,5.8
1740,48,19,128,6.1
1086,16,19,128,6.1
955,16,18,256,6.7
697,16,17,64,5.8
501,12,20,64,5.8
600,16,15,128,5.8
2907,16,29,256,6.1
1294,12,17,512,5.8
915,12,18,64,5.8
580,16,17,256,5.8
1177,12,20,512,5.8
1145,12,17,256,6.1
1283,48,28,128,6.1
821,16,20,512,6.7
1027,12,25,256,5.8
1497,12,34,128,5.8
4474,12,25,256,6.9
594,12,16,256,6.1
3027,12,25,512,6.1
255,12,22,128,6.1
387,12,16,64,6.1
534,12,26,256,6.1
957,12,15,512,6.5
5060,108,30,128,5.8
1442,12,20,128,6.7
5643,16,34,512,6.9
2298,16,15,64,6.5
3418,50,18,64,6.1
6053,50,29,128,6.1
816,12,21,128,5.8
862,20,16,512,6.1
1382,12,16,512,6.5
2141,48,25,64,6.5
391,16,19,64,5.8
366,12,30,256,6.1
447,16,28,64,5.8
1221,16,17,512,6.1
844,50,28,64,6.1
535,48,29,64,6.1
2830,12,19,512,6.1
1905,12,24,512,6.7
257,16,25,64,6.5
731,48,21,64,5.8
429,12,22,128,6.7
1923,20,19,128,6.1
1793,16,16,64,6.7
335,12,20,512,6.1
1906,50,20,64,5.8
672,12,26,128,6.7
184,12,20,128,6.5
673,12,26,128,5.8
4873,48,25,256,6.1
2431,50,32,512,6.7
1906,12,24,512,6.7
1849,12,34,512,5.8
519,16,20,128,6.1
513,20,20,128,6.1
251,12,22,512,6.5
1534,12,15,256,6.1
1237,16,28,256,6.1
1895,12,15,256,6.5
262,12,16,128,6.1
454,20,15,64,6.1
261,12,15,128,6.1
559,16,25,64,5.8
459,16,24,64,6.5
2241,108,16,128,5.8
904,12,20,512,6.1
437,20,21,128,5.8
1861,16,28,512,6.1
479,12,20,64,5.8
2055,12,25,256,5.8
2101,16,15,128,6.9
1598,16,20,64,5.8
1797,12,25,256,6.1
1831,108,23,64,5.8
249,20,34,64,6.5
326,12,17,512,6.1
770,12,21,256,5.8
323,12,18,512,5.8
552,12,30,512,5.8
1530,12,30,128,5.8
340,16,15,256,6.1
3171,12,16,128,6.9
1464,16,25,128,6.5
2340,16,20,512,6.5
2155,16,28,512,6.5
1706,12,22,256,6.1
892,16,26,256,5.8
737,12,19,128,5.8
1956,16,19,128,6.5
286,12,15,128,5.8
2073,12,25,64,5.8
514,48,23,128,5.8
152,12,31,128,6.1
2315,12,26,512,5.8
360,12,18,64,5.8
910,16,24,256,5.8
415,12,21,128,6.1
1997,16,24,128,6.5
2046,108,23,128,6.5
2730,16,19,64,6.1
954,108,17,128,5.8
539,16,25,64,6.5
3737,20,25,256,6.7
285,48,21,512,5.8
1726,12,19,512,6.1
862,12,35,64,6.1
898,12,29,256,6.7
11005,108,17,512,6.9
1397,12,22,64,6.1
1058,16,20,512,6.7
2423,48,18,64,6.1
434,16,18,128,6.1
990,12,23,64,5.8
1019,16,19,128,5.8
794,20,19,128,6.7
2017,16,25,64,5.8
2564,16,22,256,6.5
95,48,18,64,6.1
368,12,22,64,5.8
1137,12,20,128,5.8
1978,50,25,128,6.1
3998,108,19,512,5.8
563,16,29,128,5.8
1239,12,24,128,6.1
3742,48,29,256,5.8
3149,12,20,512,6.7
821,12,20,256,5.8
2533,16,22,512,6.1
1422,16,20,256,6.7
1204,12,20,512,6.7
830,20,23,512,6.1
740,12,17,128,6.1
1377,12,33,128,6.7
2693,48,15,64,5.8
2077,12,24,128,6.5
884,12,35,256,6.7
1778,16,24,64,6.5
1426,16,23,64,6.7
1285,16,20,128,6.1
256,12,25,64,6.5
1553,48,15,64,6.1
1184,48,28,512,5.8
632,16,25,64,5.8
2968,12,24,256,5.8
896,20,25,64,6.1
7772,12,15,512,6.5
316,16,20,64,5.8
293,12,16,512,5.8
3456,48,19,256,6.7
570,12,22,64,5.8
1359,12,18,256,6.1
2285,16,20,128,5.8
442,12,22,64,6.1
629,12,34,128,5.8
1496,16,30,64,5.8
916,12,32,128,6.1
669,20,30,64,5.8
429,12,30,64,5.8
3413,16,33,256,5.8
808,108,19,128,5.8
568,20,20,64,6.5
1112,12,21,128,6.1
1052,16,21,128,6.7
1206,48,19,128,5.8
309,16,16,256,6.5
2190,12,27,512,5.8
2365,12,25,128,6.1
505,12,18,128,5.8
583,12,27,128,5.8
1777,12,27,128,6.1
547,12,16,64,5.8
772,16,24,64,5.8
2989,16,35,256,6.1
1192,12,15,512,6.5
160,12,26,128,6.1
633,20,27,512,6.1
1135,12,25,128,6.7
486,12,17,128,5.8
1276,48,35,512,5.8
729,16,16,128,6.1
2540,16,20,256,6.7
1754,48,19,64,5.8
115,12,27,64,5.8
3333,12,30,256,5.8
507,12,19,512,6.1
4180,48,21,128,6.9
2004,12,23,128,6.7
1266,48,25,512,6.1
651,12,28,64,6.5
424,12,18,64,6.1
2523,48,24,64,6.1
1072,12,18,256,6.1
349,12,15,128,5.8
868,16,29,64,6.1
900,12,28,256,6.1
714,12,15,256,5.8
347,12,18,256,5.8
430,12,17,512,5.8
4584,16,21,512,5.8
680,50,30,128,6.1
1022,12,25,64,6.1
2904,12,35,512,5.8
441,12,16,512,6.1
2899,16,29,128,5.8
1996,12,25,128,6.1
1210,50,23,64,6.1
3709,12,26,512,6.1
439,12,23,64,6.5
631,12,15,512,6.1
1381,12,16,128,6.9
1322,12,15,128,6.5
507,12,20,128,6.1
746,48,20,64,6.1
3280,16,23,256,6.7
2445,108,24,64,6.1
2989,20,25,128,6.5
287,20,15,128,5.8
2293,12,22,256,5.8
2709,20,28,128,6.1
1271,16,21,512,6.1
603,12,24,128,5.8
1476,12,25,256,6.5
455,16,16,64,6.1
1527,16,18,512,5.8
677,20,25,512,5.8
1374,12,33,128,6.1
1408,12,27,64,5.8
329,16,20,64,5.8
781,16,20,256,5.8
2122,12,15,128,6.5
335,12,17,64,5.8
2798,20,19,64,6.5
1642,20,15,64,5.8
1548,50,19,512,6.1
793,16,20,512,5.8
3207,16,16,512,6.7
566,12,16,256,6.9
2005,48,21,512,6.5
497,12,23,128,5.8
454,48,16,128,5.8
433,16,23,128,6.1
611,12,20,256,5.8
897,108,22,64,5.8
2131,108,26,128,5.8
2202,48,16,256,6.1
536,12,22,128,5.8
1937,16,23,512,6.7
1904,108,15,64,6.1
282,12,19,256,5.8
1278,16,28,128,6.1
434,12,33,128,6.1
1666,108,15,64,6.1
901,12,18,256,6.1
799,48,28,128,6.5
1719,108,16,128,6.1
895,16,26,512,6.1
1250,12,16,256,5.8
6232,108,19,512,6.5
1367,12,25,128,6.1
465,20,20,128,6.5
1550,12,17,256,6.7
468,16,16,256,6.1
337,12,32,64,6.5
1439,48,25,128,6.7
1263,50,17,512,6.7
412,12,25,128,6.1
3259,20,23,512,6.1
1026,12,16,128,6.7
1836,48,29,512,5.8
307,50,20,128,5.8
1414,12,30,128,5.8
1912,16,29,512,5.8
2003,16,35,64,6.1
281,12,22,128,6.1
258,12,15,64,6.1
1025,48,17,128,5.8
1235,50,26,64,6.1
1729,20,19,128,6.5
1437,20,18,512,6.1
370,20,20,256,6.1
598,20,19,256,5.8
200,48,20,128,5.8
781,12,24,128,6.1
1221,50,20,256,6.1
809,16,16,64,5.8
377,12,25,64,6.1
482,12,17,256,6.1
3166,108,21,512,5.8
725,12,19,64,6.7
3854,50,25,512,6.5
1195,16,30,256,6.1
1118,12,24,64,6.5
460,20,23,128,6.1
354,16,17,128,6.5
145,16,17,64,6.9
2474,50,33,128,6.1
1817,50,15,64,6.1
992,16,24,512,6.1
840,12,23,256,5.8
1373,16,29,512,6.1
454,108,17,64,5.8
668,12,16,128,6.7
1142,16,24,128,6.5
641,16,26,128,5.8
441,12,30,64,5.8
666,12,21,64,5.8
405,12,25,256,6.5
781,16,19,256,6.5
975,12,15,64,5.8
2235,16,27,128,6.1
501,16,24,128,6.5
170,16,19,64,5.8
1840,48,20,128,5.8
3323,20,35,256,5.8
1997,20,33,128,5.8
1392,12,21,64,6.9
650,12,20,64,5.8
397,12,19,128,6.1
666,20,19,512,5.8
2478,12,31,128,6.1
6362,48,20,64,6.9
2040,12,20,512,6.5
1703,20,28,256,6.1
573,12,19,64,6.1
1335,20,15,128,5.8
808,16,25,128,6.5
2686,108,17,512,6.7
107,12,16,64,5.8
2909,48,28,512,6.1
975,12,31,128,5.8
1254,12,26,64,6.1
1991,12,25,128,5.8
382,16,29,64,5.8
823,20,17,512,6.5
303,20,16,64,5.8
363,20,19,128,5.8
823,20,18,64,6.1
117,12,18,64,5.8
459,20,19,128,6.1
555,16,26,256,6.1
2533,16,31,128,6.1
337,16,18,64,6.1
1251,20,20,64,6.1
773,16,20,64,6.1
427,16,19,128,5.8
1062,12,28,256,6.1
983,12,27,64,5.8
704,108,31,256,6.1
864,12,30,256,5.8
2010,108,22,128,5.8
539,12,18,64,5.8
980,12,27,512,5.8
112,12,17,128,5.8
263,12,20,64,6.1
1243,12,16,128,6.5
661,12,16,512,5.8
2777,20,23,512,6.1
926,108,15,128,5.8
569,12,20,512,6.7
355,16,16,64,5.8
2820,20,22,64,6.1
1374,16,28,256,6.5
2113,50,15,256,6.5
586,12,24,64,5.8
246,12,27,64,5.8
344,16,28,64,5.8
1261,12,24,128,5.8
4638,16,18,512,6.1
863,12,21,128,5.8
286,12,16,128,6.9
1066,12,20,64,5.8
1418,12,15,64,6.7
1287,16,16,128,6.9
678,12,30,128,5.8
650,12,16,128,6.1
1269,16,16,64,5.8
835,12,30,128,6.1
921,12,23,128,6.1
1109,20,23,256,6.1
205,12,25,128,6.1
646,12,30,256,6.1
2679,20,15,512,6.5
1837,48,33,64,6.9
3957,48,34,512,6.5
277,12,29,64,6.1
588,12,30,512,6.7
4168,108,33,64,6.5
563,48,24,128,5.8
1350,16,22,64,6.1
840,48,16,512,6.5
806,16,15,128,6.1
344,48,17,64,5.8
3265,16,21,512,5.8
1622,16,22,256,6.7
2033,12,18,256,6.9
220,12,24,128,6.7
1333,16,26,256,5.8
2978,16,20,512,6.7
4818,12,27,512,5.8
1385,20,16,128,6.5
4406,108,16,512,6.1
4226,16,28,512,6.1
5133,16,25,256,6.5
647,12,25,128,5.8
831,12,18,64,6.7
1915,20,20,256,6.7
358,12,20,64,5.8
1060,16,17,256,6.5
1288,12,23,128,6.1
793,12,19,64,5.8
1548,16,25,512,5.8
1997,20,18,256,6.7
544,50,20,128,6.7
6539,48,15,512,6.1
2192,12,25,512,6.1
2793,20,30,256,6.9
1052,12,20,128,5.8
710,12,16,128,6.1
853,48,23,128,5.8
2817,16,25,512,5.8
456,12,16,512,5.8
1074,12,16,64,6.1
1763,50,17,512,6.1
837,12,17,128,6.1
3998,50,34,128,6.5
4236,12,19,256,6.1
875,16,17,512,5.8
2380,16,17,128,6.9
7002,16,30,512,6.9
220,12,33,64,5.8
1647,20,29,256,5.8
1598,108,30,512,6.5
861,20,17,128,6.1
567,16,17,128,5.8
1611,12,30,512,5.8
2660,12,26,512,5.8
1660,12,19,512,5.8
330,16,17,64,6.7
548,16,18,256,6.1
641,16,19,64,6.1
1155,12,15,64,6.1
486,20,16,64,5.8
466,12,20,64,6.5
1094,12,20,64,6.5
512,48,27,64,5.8
329,12,15,64,6.1
393,12,20,512,6.1
787,16,17,128,5.8
315,16,23,64,5.8
418,12,15,128,6.1
761,12,25,128,6.5
1562,108,20,64,6.1
1271,16,21,256,5.8
1578,50,20,64,5.8
442,16,20,128,5.8
1391,16,27,256,6.1
264,12,22,64,5.8
1069,12,21,128,6.7
434,108,20,256,5.8
769,20,24,64,6.7
2338,48,20,128,6.7
228,16,19,128,5.8
902,12,26,256,5.8
1057,12,18,256,5.8
214,48,27,512,6.5
717,20,18,256,5.8
202,12,27,128,5.8
491,20,25,128,6.1
221,12,15,128,5.8
94,12,24,512,6.1
791,48,22,128,5.8
3817,12,26,256,6.1
631,16,25,64,6.5
2019,48,35,256,6.1
1431,50,23,64,6.5
106,16,16,64,6.5
788,20,29,64,5.8
1886,50,21,64,6.1
1312,12,31,512,5.8
576,12,19,128,5.8
1145,16,25,64,6.5
431,12,20,256,6.1
708,16,19,64,6.1
1766,50,32,512,6.1
207,12,18,64,6.1
1301,48,18,256,5.8
877,12,15,128,6.1
282,16,15,64,5.8
388,12,15,64,5.8
863,48,28,128,6.1
768,12,16,64,5.8
115,12,17,64,6.1
152,20,17,64,5.8
1924,12,28,128,6.5
597,12,25,64,5.8
911,108,21,128,6.1
596,16,18,128,6.1
743,12,20,64,5.8
626,12,20,256,6.5
510,12,25,512,5.8
1981,20,20,512,6.9
2601,12,22,512,5.8
292,12,17,512,5.8
119,16,19,128,5.8
1567,48,34,512,5.8
2174,20,18,256,5.8
635,12,27,64,6.1
295,12,22,128,6.1
3241,12,17,512,6.7
1925,48,18,128,5.8
205,16,18,64,5.8
285,16,23,128,6.1
1668,12,35,128,6.5
369,12,24,64,5.8
281,20,17,64,6.5
1764,12,24,512,6.1
887,12,19,256,6.5
540,20,20,128,5.8
2158,12,34,512,6.1
1721,48,25,64,5.8
954,16,20,256,5.8
4028,50,27,512,5.8
1131,48,19,512,5.8
1022,20,15,128,6.1
435,20,18,128,6.1
1042,16,19,128,5.8
522,50,19,64,6.1
625,16,23,256,5.8
310,16,24,128,5.8
639,12,15,128,5.8
1343,48,16,64,6.1
856,16,25,256,5.8
3328,108,18,256,6.5
465,48,25,128,6.9
128,12,35,64,5.8
1677,20,20,64,5.8
251,12,16,64,5.8
7466,108,16,512,5.8
697,12,25,256,5.8
383,16,20,256,6.7
3788,16,32,512,6.1
937,16,23,512,6.1
1761,12,25,512,6.1
1026,16,17,128,6.1
682,12,22,128,6.1
1106,12,21,64,6.7
660,12,23,64,5.8
4113,12,35,64,6.1
1057,12,20,512,6.1
687,16,16,128,6.1
5723,108,15,256,5.8
1530,12,21,128,6.1
1576,12,20,64,6.7
2441,48,24,128,5.8
1159,16,30,128,6.1
1916,12,30,128,5.8
515,16,20,64,5.8
1197,12,29,256,5.8
189,12,20,128,5.8
638,20,15,64,6.5
1781,12,16,256,6.9
120,12,18,64,6.1
409,12,30,256,5.8
1932,16,22,512,6.1
327,12,24,64,5.8
1479,50,25,256,6.1
295,12,15,128,5.8
502,20,18,128,5.8
635,16,27,256,5.8
1986,50,28,512,6.1
891,12,17,512,5.8
1594,12,33,256,6.5
398,12,17,256,5.8
1088,16,19,128,5.8
823,12,22,64,6.1
633,12,25,64,5.8
2219,16,24,64,6.1
177,16,24,128,5.8
687,12,20,64,5.8
1032,20,25,64,5.8
400,12,16,512,6.1
712,12,18,256,6.1
863,12,25,64,6.1
602,50,22,64,5.8
1425,12,35,512,6.7
400,12,20,64,6.1
371,12,16,64,6.5
1911,16,32,512,5.8
2683,16,25,256,6.7
580,16,20,64,5.8
421,16,15,512,6.1
352,12,19,64,6.7
1306,12,29,512,6.5
578,16,24,256,6.1
1057,16,15,128,6.7
955,12,32,256,6.7
1096,16,20,256,6.1
378,12,18,128,6.1
434,12,18,64,6.9
1436,12,16,64,6.5
5318,12,33,256,6.1
928,12,15,512,5.8
265,12,22,128,6.1
682,16,28,64,6.5
1100,12,19,512,6.5
1325,12,25,256,6.5
386,16,19,256,6.1
1517,16,15,512,5.8
804,20,17,128,6.1
520,16,15,512,6.5
862,16,24,64,6.1
543,12,17,512,6.7
2176,12,17,512,6.7
2449,12,15,64,6.7
315,20,19,64,5.8
463,48,15,64,6.1
402,12,24,128,6.5
1434,12,30,64,6.1
1433,16,17,128,6.7
689,12,25,64,6.7
805,12,33,64,6.1
1240,50,34,128,6.7
634,12,16,512,5.8
1494,12,26,512,6.1
7853,108,31,128,6.7
638,16,20,128,5.8
736,12,18,64,5.8
6205,12,21,128,6.7
1143,12,28,512,5.8
72,12,16,64,6.5
444,12,34,64,5.8
491,12,22,128,5.8
1436,16,20,128,6.1
3255,12,22,512,6.5
1020,12,31,128,5.8
306,12,15,128,5.8
1011,12,26,128,5.8
1077,12,27,256,5.8
3123,12,33,256,6.5
1132,12,30,128,6.5
506,12,35,128,5.8
765,12,29,64,6.5
1853,16,26,512,5.8
632,12,22,128,6.1
3829,48,21,128,6.9
676,12,20,512,6.7
1714,12,15,512,6.1
3061,16,30,256,6.1
2938,20,16,256,6.7
278,16,24,64,5.8
1419,48,32,128,5.8
2512,16,32,512,5.8
223,12,20,256,6.1
2163,16,24,256,6.5
2263,16,23,512,6.7
185,20,30,256,6.1
893,12,28,128,5.8
924,12,25,64,6.7
687,12,28,128,5.8
1500,12,20,512,6.7
742,12,20,128,5.8
2569,12,18,256,6.1
269,12,35,128,6.1
472,12,17,64,6.1
1648,20,24,64,6.1
188,16,26,128,5.8
1674,12,20,256,6.1
1484,12,22,512,5.8
592,16,22,64,5.8
2538,12,26,512,6.1
4213,16,18,128,6.7
1051,12,19,512,5.8
931,12,24,128,6.9
1178,16,15,512,6.1
13170,108,30,256,6.1
171,12,20,128,6.1
1897,12,30,512,5.8
345,12,19,64,6.1
811,16,28,128,6.1
292,12,34,64,5.8
267,12,35,512,5.8
3256,108,25,512,6.1
622,12,21,128,6.9
838,12,30,128,5.8
5926,20,27,512,6.1
563,16,26,512,5.8
2161,12,26,128,6.1
891,12,20,64,6.7
1837,16,30,128,6.5
838,12,15,64,5.8
613,12,23,128,6.5
878,12,15,512,5.8
434,20,16,128,6.9
1103,12,15,512,6.7
683,16,15,64,6.7
1256,16,30,128,5.8
3014,16,18,256,6.9
2493,12,30,64,6.9
2474,20,16,256,5.8
1141,12,21,64,6.5
916,12,19,128,6.9
400,20,16,64,6.1
510,20,23,512,5.8
486,16,23,128,5.8
351,20,19,128,6.1
2225,12,15,128,6.5
887,48,20,128,5.8
305,12,19,128,6.1
1168,12,20,256,5.8
1152,12,30,512,6.1
392,12,20,128,6.5
3485,48,15,512,6.5
606,12,25,128,6.5
1871,108,16,64,5.8
1199,12,21,256,6.7
1106,16,18,512,6.5
3414,12,27,256,6.1
2080,16,23,256,5.8
2874,16,18,512,6.7
1728,12,20,512,5.8
3589,12,34,128,6.1
848,16,15,128,5.8
2160,12,22,256,6.1
2620,12,30,256,6.7
1542,48,25,128,6.5
2279,16,20,256,6.9
2350,16,19,256,6.5
834,16,29,128,6.7
2254,50,27,64,5.8
2704,16,25,512,5.8
2441,12,29,128,6.7
570,16,20,64,6.1
517,12,21,512,5.8
1036,12,27,64,6.5
898,12,19,512,6.5
1490,12,31,128,6.5
351,12,33,128,6.5
5498,48,18,512,6.7
1251,12,28,128,6.7
520,12,20,64,5.8
804,12,22,64,6.9
2098,12,24,256,5.8
259,12,18,256,5.8
1280,12,34,128,6.1
945,12,25,64,6.1
3375,48,19,64,6.5
2328,108,27,128,6.1
871,12,33,64,6.9
1118,12,25,256,5.8
2176,12,24,128,5.8
950,12,30,64,5.8
2401,108,20,512,6.7
1295,12,31,512,5.8
209,16,31,128,5.8
1000,12,20,256,5.8
341,12,17,256,6.5
891,20,15,64,6.5
136,12,24,64,6.5
765,12,22,256,5.8
379,12,19,256,5.8
5077,16,20,256,6.9
1985,12,30,256,6.1
756,16,29,512,6.5
355,16,17,128,6.5
1811,12,15,128,6.1
1821,108,25,256,6.1
1317,16,16,256,6.5
242,16,26,64,6.7
774,12,16,64,5.8
473,12,18,128,5.8
1287,48,17,128,6.5
720,16,24,128,6.1
1769,12,29,256,6.1
850,12,16,256,5.8
1514,12,22,256,6.9
680,12,18,512,6.1
2462,20,20,512,5.8
3424,20,21,64,6.1
785,12,16,256,6.9
1870,48,22,128,6.1
503,12,23,256,5.8
880,16,16,64,6.7
612,12,23,128,5.8
1216,16,33,512,6.5
1092,50,18,128,6.1
626,12,18,512,6.5
1636,16,31,512,6.1
1879,12,25,256,5.8
638,12,21,64,5.8
1045,12,20,64,6.7
1842,16,15,64,6.9
539,12,30,64,5.8
2588,16,35,512,5.8
243,12,20,128,6.1
448,16,20,64,5.8
1705,12,23,256,6.5
3629,16,31,256,6.5
887,12,26,256,5.8
473,12,32,64,5.8
2246,12,33,256,6.1
304,12,16,256,6.1
237,16,28,64,6.1
2820,16,26,512,5.8
1411,50,29,64,6.1
1931,48,16,512,5.8
358,16,23,128,6.1
2253,12,23,64,6.7
2256,16,30,512,6.1
667,12,29,256,6.7
2750,108,24,256,6.1
1634,20,25,256,5.8
1203,12,34,64,6.9
549,12,30,64,6.7
956,48,25,512,6.1
1163,12,30,512,6.1
1585,16,27,128,6.7
1153,12,19,64,6.7
278,16,20,256,5.8
918,12,24,128,5.8
132,12,19,64,6.5
209,12,30,128,5.8
641,12,19,64,6.1
2050,48,20,64,5.8
634,48,18,128,5.8
253,12,30,512,5.8
1703,12,22,128,5.8
1177,16,20,256,6.7
965,16,25,64,5.8
1032,20,21,128,6.5
1208,48,30,64,5.8
1216,12,18,128,6.1
1976,16,19,512,6.1
1037,20,23,128,5.8
2229,48,26,128,5.8
1332,16,25,256,6.1
2547,48,29,512,5.8
53,16,24,64,5.8
1640,16,17,64,6.1
239,12,27,128,6.5
573,12,16,128,6.1
365,16,20,512,5.8
199,16,21,64,5.8
639,12,19,128,5.8
474,12,30,64,6.1
3209,108,34,128,6.1
760,16,23,64,6.1
511,12,25,128,5.8
450,12,20,64,6.1
1809,12,33,512,5.8
863,12,23,256,5.8
2420,12,30,512,5.8
411,16,17,128,6.7
4460,20,29,128,6.1
553,12,35,128,6.7
1351,12,18,128,6.1
437,12,23,64,6.1
2507,12,16,512,6.1
595,12,32,512,6.1
1344,16,33,128,5.8
812,12,17,64,6.7
415,12,17,256,5.8
759,16,20,64,6.1
1048,20,18,128,5.8
1570,48,24,256,6.7
981,12,25,256,6.7
192,12,25,128,5.8
522,12,25,64,6.9
2373,12,31,64,5.8
1794,16,26,128,5.8
150,12,17,128,6.5
617,12,16,64,5.8
232,12,28,64,5.8
2947,16,33,128,6.9
827,16,18,64,5.8
3432,48,18,256,6.5
5593,20,28,64,6.9
681,16,25,256,6.1
210,16,20,64,5.8
282,12,20,512,6.7
1530,16,29,512,5.8
1464,16,20,512,5.8
1706,48,16,128,6.9
2132,12,19,512,6.5
1066,12,25,512,5.8
335,12,19,512,6.1
957,12,26,128,6.7
1365,20,18,64,6.1
1605,108,22,64,6.7
1438,48,33,64,6.1
337,12,17,128,6.1
903,12,22,512,5.8
619,16,28,64,6.1
373,50,18,64,5.8
2902,108,18,128,6.1
2701,50,15,256,6.7
1688,12,33,512,6.1
758,16,20,64,5.8
1502,12,25,512,6.5
366,12,20,64,6.5
1692,12,22,256,5.8
341,16,28,64,6.1
1934,20,23,64,5.8
1223,16,23,64,6.1
1918,12,29,64,6.1
2504,12,30,512,5.8
526,12,19,512,6.7
518,16,30,128,6.9
2031,48,26,128,5.8
405,16,23,64,5.8
362,16,19,256,6.5
523,48,17,64,6.1
851,48,20,128,6.7
3347,12,20,512,5.8
1446,16,24,128,5.8
1394,16,18,256,6.1
840,12,17,128,5.8
550,16,20,128,6.9
1203,12,29,128,6.1
1485,16,25,256,5.8
278,12,16,64,5.8
4603,12,19,512,6.9
1955,12,19,256,5.8
1304,12,25,128,6.1
1250,12,18,128,6.7
1804,50,30,64,6.1
1548,48,15,512,5.8
1134,12,19,128,6.7
935,12,26,64,6.7
1533,12,30,512,6.1
664,16,25,256,6.7
366,20,15,64,5.8
678,12,22,64,6.1
310,12,18,64,5.8
1404,48,25,256,5.8
593,48,34,64,5.8
588,16,16,64,5.8
792,12,19,64,5.8
1383,12,31,512,6.1
847,12,16,128,5.8
374,20,20,512,6.1
950,12,20,512,6.1
230,16,17,64,5.8
449,50,20,256,6.1
1196,16,32,256,6.1
4132,16,21,512,5.8
703,12,15,64,6.5
360,12,15,128,6.9
1130,50,21,64,6.5
2979,16,18,512,6.7
629,20,18,128,6.1
195,12,20,128,5.8
2953,12,30,512,5.8
1569,20,16,128,6.1
400,12,15,64,6.1
1513,12,28,128,5.8
2669,48,16,128,6.1
914,12,32,64,6.1
1886,48,22,128,6.9
1464,12,31,256,6.1
2244,12,30,256,6.5
286,12,26,64,5.8
644,12,20,128,6.1
895,16,24,64,6.1
439,16,28,64,6.5
878,48,35,128,6.1
1139,50,24,128,6.7
337,50,17,256,6.1
455,12,15,64,6.5
1187,12,15,512,6.5
1390,16,30,128,5.8
255,12,18,64,6.5
902,16,20,512,6.7
908,12,17,256,5.8
1388,20,18,64,6.7
2204,108,25,128,5.8
3635,12,27,256,5.8
2666,16,20,256,5.8
1173,48,20,256,6.1
1728,48,19,512,5.8
690,12,23,128,6.5
2679,12,25,256,6.7
2951,108,21,512,5.8
442,16,22,128,5.8
1459,20,27,256,5.8
1272,16,31,64,6.1
298,48,17,64,5.8
303,48,19,64,5.8
1491,20,18,512,5.8
412,12,16,64,6.1
1412,48,20,128,5.8
2018,108,30,64,5.8
1108,16,32,512,5.8
229,16,19,512,5.8
716,20,21,512,5.8
2153,12,20,512,6.7
3015,16,16,512,6.7
1404,16,24,256,6.1
680,12,18,64,6.1
249,12,22,128,5.8
973,16,25,64,6.5
814,16,24,256,6.1
2450,50,29,256,6.1
4072,48,23,512,5.8
1466,12,24,256,6.1
1439,16,17,128,6.7
406,16,20,64,5.8
408,12,22,64,6.1
771,20,22,128,5.8
358,12,30,128,5.8
1003,50,29,128,6.9
2381,20,29,512,6.1
1377,12,34,64,6.7
890,20,25,256,5.8
1523,108,20,128,6.1
453,12,25,128,5.8
712,12,19,256,5.8
247,12,21,64,6.5
6139,108,29,512,6.1
424,12,23,256,5.8
1211,12,29,256,5.8
689,48,23,64,6.1
214,20,22,128,5.8
580,12,34,64,6.9
460,12,21,64,6.1
1028,12,25,512,5.8
442,16,22,512,5.8
1606,16,18,256,6.5
1165,12,20,256,6.1
784,12,26,64,6.5
4313,20,21,64,6.7
284,12,20,64,6.7
437,20,15,64,6.1
1265,12,27,128,6.7
829,20,24,64,6.5
1081,12,22,128,6.5
1509,12,28,512,6.1
1876,16,20,128,6.1
1925,48,17,512,6.9
1538,108,17,128,6.5
1467,20,34,64,6.1
562,16,18,128,5.8
1107,16,31,64,6.1
5441,20,20,512,6.7
489,12,27,128,6.1
2919,12,19,512,6.7
4609,12,22,512,6.5
564,16,16,256,6.5
597,20,21,512,5.8
1341,16,24,128,6.1
763,12,20,64,6.1
1938,16,22,64,6.1
1632,12,22,64,5.8
162,12,25,128,6.5
438,12,20,64,5.8
480,16,22,64,6.7
1116,12,22,512,6.1
1768,12,18,512,6.9
1206,12,21,256,6.1
1236,16,29,64,6.5
1370,16,23,128,6.1
1725,50,16,256,6.5
48,12,17,64,5.8
3078,48,28,256,6.1
1043,16,30,64,5.8
1265,12,22,256,6.1
1618,16,20,256,5.8
307,12,22,64,5.8
532,16,28,128,6.1
147,12,24,256,6.7
755,108,18,512,5.8
125,12,17,64,6.1
581,16,17,128,6.5
330,12,16,64,6.1
2393,48,29,128,6.1
1378,12,17,64,6.1
1059,20,31,128,5.8
1409,16,26,512,6.1
1088,50,20,128,6.5
2669,12,32,256,6.5
1674,12,33,128,6.5
223,12,34,64,6.1
2577,20,15,512,6.1
159,16,29,64,5.8
794,16,27,128,6.7
672,16,15,64,6.5
193,16,17,64,6.1
1224,12,30,256,6.1
867,12,23,256,5.8
1647,12,23,64,5.8
67,12,17,128,5.8
3539,48,33,128,5.8
648,12,16,512,5.8
292,16,27,512,5.8
2316,48,24,64,6.9
284,12,17,64,5.8
1802,12,20,256,6.1
1624,12,28,64,6.9
1019,12,15,128,5.8
1927,12,28,64,6.9
1001,12,31,256,6.1
2687,12,30,64,5.8
226,12,17,64,5.8
2133,50,23,256,6.1
95,16,18,64,6.1
1042,16,16,64,5.8
3964,20,18,512,6.7
1076,12,19,512,5.8
247,12,27,64,5.8
415,48,18,64,6.9
2722,20,28,128,6.9
626,12,20,128,6.1
446,20,18,64,6.1
1486,12,26,128,6.1
815,48,20,256,6.1
809,12,31,64,6.1
959,12,30,512,5.8
756,12,18,128,6.5
1494,16,23,64,6.9
3556,12,29,512,6.1
1376,16,26,64,5.8
1313,12,20,512,6.1
1711,12,15,64,6.7
963,12,19,256,5.8
1431,16,29,128,5.8
591,12,18,256,6.9
387,16,19,128,5.8
1966,48,25,512,5.8
131,12,16,64,5.8
1963,48,17,256,6.1
902,16,16,128,5.8
4214,16,26,512,6.5
4590,20,32,512,5.8
10191,108,20,512,6.5
946,12,32,64,5.8
752,12,21,64,5.8
800,50,17,64,5.8
1786,16,20,256,5.8
3686,20,28,128,6.5
268,16,29,128,6.9
1666,108,22,64,6.5
177,12,18,64,6.7
1085,16,25,256,6.1
920,16,24,128,6.1
1090,12,35,256,6.1
1121,16,23,256,6.5
336,12,20,64,6.1
2240,16,23,128,6.7
922,12,29,256,5.8
1957,16,25,512,5.8
974,16,18,128,5.8
2376,48,30,256,6.5
1099,108,19,128,5.8
3724,16,26,512,6.1
629,16,24,64,5.8
622,16,30,512,6.7
415,12,17,128,6.1
5381,50,32,128,6.1
471,12,30,512,6.1
1879,108,28,64,6.1
1785,12,34,64,6.5
480,12,19,64,6.5
803,48,25,64,6.1
666,12,15,64,6.1
1054,12,18,256,6.5
2509,50,20,128,5.8
1474,16,18,64,6.7
760,16,19,512,6.1
788,12,22,128,6.7
1133,16,19,512,6.5
1364,20,31,512,6.5
1096,16,18,128,6.1
602,16,20,64,6.5
440,16,16,64,5.8
875,16,22,256,6.1
1347,16,19,64,5.8
283,12,17,128,5.8
1065,20,19,64,6.5
1854,20,18,64,6.9
2534,50,30,64,6.1
1099,12,26,256,6.5
1321,16,15,512,5.8
5530,16,23,128,6.9
932,12,26,256,5.8
1089,16,15,512,6.1
977,16,18,512,5.8
2111,20,19,512,6.1
2528,50,27,64,6.1
389,16,15,256,6.5
1021,16,28,64,5.8
817,50,16,128,6.1
2120,16,23,64,6.7
868,12,26,512,6.1
1256,12,28,128,6.1
2321,12,19,256,6.1
248,12,19,256,5.8
746,12,20,64,6.1
448,20,23,64,6.5
1251,12,22,256,6.1
338,16,28,64,5.8
1052,12,20,128,5.8
597,12,32,256,5.8
750,12,19,512,6.9
1175,16,20,64,6.9
808,20,26,64,5.8
386,16,21,128,5.8
2611,16,32,128,6.1
1902,16,25,256,6.5
1079,16,20,256,6.1
5309,48,30,256,5.8
1446,16,21,128,6.1
498,16,15,128,6.5
1967,16,22,256,5.8
649,16,25,64,5.8
1617,16,16,256,5.8
605,12,25,64,6.1
2813,108,18,128,6.1
311,16,31,64,6.5
586,48,25,64,6.1
658,48,20,128,5.8
772,12,15,64,6.5
314,16,21,64,6.7
144,12,22,128,6.1
633,16,18,64,5.8
1557,12,24,128,6.1
474,108,15,64,6.1
700,12,30,128,5.8
1704,48,17,128,6.1
1061,12,15,128,6.1
1369,12,15,256,5.8
1082,48,18,128,6.1
1562,12,16,512,5.8
1608,16,25,512,5.8
1982,12,18,128,6.5
196,20,25,128,5.8
1101,48,25,256,5.8
6733,108,17,256,6.1
876,12,26,128,6.5
598,16,22,512,5.8
191,12,25,128,5.8
5688,108,16,256,6.1
261,12,19,128,6.7
2238,20,35,128,6.5
168,12,24,128,5.8
1157,12,21,64,5.8
481,16,25,64,6.1
